condition,sequence_id,video_id,neurologic_observed_fraction
normal,cljo2wwu7001a3n6ljmqm39l6,3KnFt8bH3tE,0.98046875
normal,cljo2y1f7001e3n6lt1wgacw6,3KnFt8bH3tE,1.0
normal,cljo2yqzp001i3n6lg75p7wtq,3KnFt8bH3tE,0.9830729166666666
normal,cljo2zn41001m3n6lhbvww48i,3KnFt8bH3tE,1.0
normal,cljo30lnz001q3n6lopfty7q5,3KnFt8bH3tE,0.94921875
normal,cljo32213001u3n6lel97up5f,3KnFt8bH3tE,1.0
normal,cljo32ik2001y3n6lmmnu0sgo,3KnFt8bH3tE,1.0
normal,cljo32xnz00223n6lvxzyif3y,3KnFt8bH3tE,1.0
normal,cljo33m8400263n6l4xxsl6ku,3KnFt8bH3tE,1.0
normal,cljo340cm002a3n6low42ugvh,3KnFt8bH3tE,0.9973958333333334
normal,cljo39ok9002h3n6ldr0w5sey,3KnFt8bH3tE,0.9869791666666666
normal,cljo3b2dy002l3n6l270vpzp8,3KnFt8bH3tE,1.0
normal,cljvx07sw003h3n6ltdmixplw,aqUuTLh6pHk,1.0
normal,cljvx1c3b003l3n6l6e7onq3z,aqUuTLh6pHk,1.0
normal,cljwrju1q002k3n6locdj52a9,mBAxLr73IHU,1.0
normal,cljwrkef8002o3n6lp21lyyik,mBAxLr73IHU,0.984375
normal,cljwrl5sp002s3n6l9f979pew,mBAxLr73IHU,1.0
normal,cljwrljou002w3n6ld0cnkyyv,mBAxLr73IHU,1.0
normal,cljwrm2hl00303n6lmj6myxp0,mBAxLr73IHU,1.0
normal,cljwsw2aj000n3n6l8leupj5h,vUM4OwTQk34,1.0
normal,cljwswmbz000r3n6lijh3r47s,vUM4OwTQk34,0.9817708333333334
normal,cljwswza1000v3n6lfl03wwes,vUM4OwTQk34,0.9609375
normal,cljwsxudc000z3n6l8eoon4wq,vUM4OwTQk34,0.98046875
normal,cljwsyscb00133n6lj5h5v9v1,vUM4OwTQk34,1.0
normal,cljwszgu800183n6lv2aev7fd,vUM4OwTQk34,0.984375
normal,cljwszxbr001c3n6lb5como0l,vUM4OwTQk34,0.9661458333333334
normal,cljwt17kh001g3n6lhqelrx2w,vUM4OwTQk34,1.0
normal,cljwt1mnk001k3n6lsrz5snat,vUM4OwTQk34,0.99609375
normal,cljwt275b001o3n6lx021hys6,vUM4OwTQk34,1.0
normal,cljwt2kh6001s3n6lnyzpoe3i,vUM4OwTQk34,0.9765625
normal,cljwtauxc00093n6lcfjk03tn,DfRhvdCiUJk,0.9231770833333334
normal,cljwtchru000e3n6ln81oebjw,diCVwltkV5M,0.9088541666666666
normal,cljwtdtig000m3n6l1wnao0fx,diCVwltkV5M,0.9361979166666666
normal,cljwteh0c000q3n6l0atu1s0y,diCVwltkV5M,1.0
normal,cljwtfmw9000u3n6lwarp8uit,diCVwltkV5M,0.9778645833333334
normal,cljwtgpsm000y3n6lgbj91b5h,eCCYhDSDlDc,1.0
normal,cljwth9ln00123n6l7bn94j2u,eCCYhDSDlDc,0.875
normal,cljwtj9z000173n6lfvq9s6p5,EHx08gSNfxQ,1.0
normal,cljwtjwzm001b3n6ldfj8y8yt,EHx08gSNfxQ,1.0
normal,cljwtki9b001f3n6lx9z4sqj7,EHx08gSNfxQ,1.0
normal,cljwtlo9i001k3n6l5haobi9m,EHymg4AGMJs,1.0
normal,cljwtm8x8001o3n6lz7zicp07,EHymg4AGMJs,1.0
normal,cljwtmuyo001s3n6lwvf8vtx3,EHymg4AGMJs,1.0
normal,cljwtogit00203n6labkjs3gk,EHymg4AGMJs,1.0
normal,cljwtp06q00243n6luy6xd8yh,EHymg4AGMJs,1.0
normal,cljxgsqgt00043n6lvj5enj3z,gp4H7Z2Vvn0,1.0
normal,cljxgtshi00093n6lozooumt1,gp4H7Z2Vvn0,1.0
normal,cljxgugiu000d3n6l1ieoxyk9,gp4H7Z2Vvn0,1.0
normal,cljxgvdvj000k3n6lmyydoci5,gp4H7Z2Vvn0,0.9908854166666666
normal,cljxgw12o000o3n6lm1k3e342,gp4H7Z2Vvn0,1.0
normal,cljxgwqfa000s3n6lpfzakjof,gp4H7Z2Vvn0,0.9934895833333334
normal,cljxgxq03000w3n6lpsp4cgc9,gp4H7Z2Vvn0,1.0
normal,cljxh0rcs00103n6lwtbna364,gp4H7Z2Vvn0,1.0
normal,cljxh19il00143n6lcoxgwtoj,gp4H7Z2Vvn0,1.0
normal,cljxh25bj00183n6lp4ev8gns,gp4H7Z2Vvn0,0.9934895833333334
normal,cljxh303i001c3n6lznalpt42,gp4H7Z2Vvn0,1.0
normal,cljxh46p8001j3n6lnjlzlxpd,gp4H7Z2Vvn0,1.0
normal,cljxh4sqp001n3n6lrk6rnevw,gp4H7Z2Vvn0,1.0
normal,cljxh5uz0001r3n6l64mpm5b3,hGNKzkCF4J8,0.984375
normal,cljxh7ss1001w3n6lqp12u749,hSIYGZhRGd4,0.98046875
normal,cljxh9aq900203n6l7y6lqrt3,hSIYGZhRGd4,0.96484375
normal,cljxh9q2200243n6lq69dhx3v,hSIYGZhRGd4,0.9921875
normal,cljxhaq1h00283n6lyhcf8obn,hSIYGZhRGd4,1.0
normal,cljxhbr13002c3n6lo1ds8kua,hSIYGZhRGd4,0.8567708333333334
normal,cljxhcwlt002g3n6lpnrdf5mx,hSIYGZhRGd4,0.921875
normal,cljxhdl5y002k3n6lryoxnto7,hSIYGZhRGd4,1.0
normal,cljxhfdki002v3n6lq3lw1ob6,hSIYGZhRGd4,0.9830729166666666
normal,cljxhg8mm002z3n6lco4twkh5,hSIYGZhRGd4,0.9830729166666666
normal,cljxhh8ya00333n6lmn4bfa1d,hSIYGZhRGd4,1.0
normal,cljxhirrl00373n6l7xsxnxki,hSIYGZhRGd4,0.9947916666666666
normal,cljxhkcct003c3n6lvn7vvhnk,hSIYGZhRGd4,0.9895833333333334
normal,cljxhla5g003g3n6le1tbxmop,hSIYGZhRGd4,0.8932291666666666
normal,cljxhlvfn003k3n6li498ww87,hSIYGZhRGd4,0.9947916666666666
normal,cljxhm9kc003o3n6lint153vq,hSIYGZhRGd4,1.0
normal,cljxhmxzx003s3n6lb888laay,hSIYGZhRGd4,1.0
normal,cljxho16c003w3n6lm2bhcvp6,hSIYGZhRGd4,1.0
normal,cljxhovdm00403n6l8h1dj8v5,hSIYGZhRGd4,1.0
normal,cljxhpdds00443n6l04zwwcby,hSIYGZhRGd4,1.0
normal,cljxhqmkc00483n6l5nmlgtsk,hSIYGZhRGd4,1.0
normal,cljxhqzxh004c3n6l7fpf8bpn,hSIYGZhRGd4,1.0
normal,cljxhrmyz004g3n6ldq656j69,hSIYGZhRGd4,1.0
normal,cljxhso2n004k3n6lczes9nyj,hSIYGZhRGd4,0.98046875
normal,cljxhtnel004o3n6lv2qg78s8,hSIYGZhRGd4,0.9544270833333334
normal,cljxhuq6p004s3n6lvv0r39b9,hSIYGZhRGd4,0.96875
normal,cljxhvgec004w3n6lbq9yhtpd,hSIYGZhRGd4,0.9817708333333334
normal,cljxhw08900503n6l3nyj2qhl,hSIYGZhRGd4,0.953125
normal,cljxhxc8l00543n6le711pgu9,hSIYGZhRGd4,0.99609375
normal,cljxhybys00583n6l77dunspa,hSIYGZhRGd4,1.0
normal,cljxhzmht005c3n6ljn9iszh2,hSIYGZhRGd4,1.0
normal,cljxi0h9y005g3n6lbv12po7w,hSIYGZhRGd4,1.0
normal,cljxi10qi005k3n6lyaoabejr,hSIYGZhRGd4,1.0
normal,cljxi1ue5005o3n6lb1dsot60,hSIYGZhRGd4,1.0
normal,cljxi2qbp005s3n6llajez7qb,hSIYGZhRGd4,1.0
normal,cljxi3myk005w3n6lqukbi24u,hSIYGZhRGd4,0.984375
normal,cljxi533z00603n6lb3jwkr3v,hSIYGZhRGd4,1.0
normal,cljxi664s00683n6lhxbh8beh,hSIYGZhRGd4,1.0
normal,cljxi6yx1006c3n6l55izjvr5,hSIYGZhRGd4,0.953125
normal,cljxi7kt0006g3n6l9obrwgde,hSIYGZhRGd4,1.0
normal,cljxi82s2006k3n6l8u7gqntq,hSIYGZhRGd4,0.9765625
normal,cljxi9qeq006o3n6lybhf28cp,JD1AGVpftps,0.7825520833333334
normal,cljxiepu3007k3n6lnr4xhxvd,JD1AGVpftps,0.75
normal,cljxigc9k007p3n6l1tr0hmno,KnvYRnTA3XQ,1.0
normal,cljxih2v7007t3n6lbkgqlfoq,KnvYRnTA3XQ,1.0
normal,cljxihp86007x3n6lv3i1hc0h,KnvYRnTA3XQ,0.9674479166666666
normal,cljxijaiy00813n6lc6oo1rzh,KnvYRnTA3XQ,1.0
normal,cljxikwg800883n6l1fsf45nx,KnvYRnTA3XQ,1.0
normal,cljxilqrf008c3n6l523828ci,KnvYRnTA3XQ,0.9713541666666666
normal,cljximnr0008g3n6lmof9rjho,KnvYRnTA3XQ,1.0
normal,cljxinqoh008k3n6leh71a7vd,KnvYRnTA3XQ,1.0
normal,cljxjd0vg008q3n6lik66nqws,KnvYRnTA3XQ,0.99609375
normal,cljxjew0v008u3n6lfp6v2l22,KnvYRnTA3XQ,0.9440104166666666
normal,cljxjfx4c008y3n6lvumawda5,KnvYRnTA3XQ,1.0
normal,cljxjgy7n00923n6lf1jskzuu,KnvYRnTA3XQ,1.0
normal,cljxji13l00963n6l0o7vmhnf,KnvYRnTA3XQ,0.84375
normal,cljxjiy2z009a3n6lt8814xvn,KnvYRnTA3XQ,0.8736979166666666
normal,cljxjjxh5009f3n6ltrwv4sda,tUT8Fh1zGKA,1.0
normal,cljxjktjg009j3n6lvb3spwbi,tUT8Fh1zGKA,1.0
normal,cljxjnwb200043n6l82lqfqs4,ucZdenbi65k,1.0
normal,cljxjogr100083n6ldltplryd,ucZdenbi65k,1.0
normal,cljxjpb7z000d3n6lpmxhbqau,VL0AOiZt_lg,1.0
normal,cljxjq1v8000h3n6ljow5w2g6,VL0AOiZt_lg,1.0
normal,cljxjqo0e000l3n6lzw4fbzvx,VL0AOiZt_lg,1.0
normal,cljxjrak3000p3n6lpocul02a,VL0AOiZt_lg,1.0
normal,cljxjsfhr000t3n6l1t0t0i5v,VL0AOiZt_lg,1.0
normal,cljxjsxio000x3n6ldkxm7gs4,VL0AOiZt_lg,1.0
normal,cljxjtvxn00113n6lzfbo2p4o,VL0AOiZt_lg,1.0
normal,cljxjv25j001a3n6lw4iv9fwe,WpARylM4UYU,1.0
normal,cljxkbce1001f3n6lfsg0zbg4,FTHc-TJOQ34,1.0
normal,cljxkinfg001j3n6lrled80pl,FTHc-TJOQ34,0.859375
normal,cljxkjjxz001n3n6lui5d54d8,FTHc-TJOQ34,0.9713541666666666
normal,cljxkk705001r3n6lih7q9zt8,FTHc-TJOQ34,1.0
normal,cljxklc35001v3n6l6ex171ry,FTHc-TJOQ34,0.9283854166666666
normal,cljxkmtb900203n6l4tapnb5w,FTHc-TJOQ34,0.9986979166666666
normal,cljxknprk00243n6l8cnbqih7,FTHc-TJOQ34,0.96875
normal,cljxko91g00283n6llxc0x25r,FTHc-TJOQ34,0.9986979166666666
normal,cljxkp6vv002c3n6lcdfo99ti,FTHc-TJOQ34,1.0
normal,cljxkpurw002g3n6lnq0pryhp,FTHc-TJOQ34,1.0
normal,cljxkr5zf002k3n6lv3aaexih,FTHc-TJOQ34,0.984375
normal,cljxkrp7o002o3n6lmygdz4gg,FTHc-TJOQ34,1.0
normal,cljxksdtz002s3n6lnhe5t4p3,FTHc-TJOQ34,1.0
normal,cljxlqqqm002g3n6lc2tgfix6,_-Ubl8iD2B0,0.9986979166666666
normal,cljxlrov1002l3n6lpdcu0j0p,-0wbleNgAwg,1.0
normal,cljxlsc97002p3n6ldn9pbuxt,-0wbleNgAwg,1.0
normal,cljxlsxdl002t3n6l0re2d2cy,-0wbleNgAwg,1.0
normal,cljxltgmi002x3n6luf6r5xa4,-0wbleNgAwg,1.0
normal,cljxlu1ql00313n6lqtuw77ji,-0wbleNgAwg,0.9947916666666666
normal,cljxlunqd00353n6lhitle9h1,-0wbleNgAwg,1.0
normal,cljxlxk3m003r3n6l0ooimbk2,3FXUw98rrUY,1.0
normal,cljxlxyc0003v3n6l0if3b0i7,3FXUw98rrUY,1.0
normal,cljxlzffo00413n6le9f85cjl,3FXUw98rrUY,1.0
normal,cljxlzzdt00453n6l50zvip0f,3FXUw98rrUY,0.953125
normal,cljxm0q9n00493n6l1zgi8j4p,3FXUw98rrUY,1.0
normal,cljxm1es7004d3n6l1uh2pnq5,3FXUw98rrUY,1.0
normal,cljxm1xnl004h3n6lgh5v6l03,3FXUw98rrUY,0.984375
normal,cljxm3ajs004m3n6lk7unsn04,4KU6G7Iv8ZM,0.96875
normal,cljxm3vy3004q3n6lbbo4t0af,4KU6G7Iv8ZM,0.8619791666666666
normal,clk7f45v100043n6lfg3slaf9,3FXUw98rrUY,1.0
normal,clk7f51es000a3n6l36qtf09v,3FXUw98rrUY,0.984375
normal,clk7fexpr000l3n6l3fnz76zq,KnvYRnTA3XQ,1.0
normal,clk7fg9z9000p3n6lwqf8ijr7,KnvYRnTA3XQ,0.9934895833333334
normal,clk7fgn9n000t3n6ld4fxevnl,KnvYRnTA3XQ,1.0
normal,clk7fh5rw000x3n6lxsbdzyi5,KnvYRnTA3XQ,0.6953125
normal,clk7gxjve00123n6l2advgzrw,KnvYRnTA3XQ,1.0
normal,clk7gyl2g00163n6llq7wids3,KnvYRnTA3XQ,1.0
normal,clk7gz7xe001a3n6lwzc45ru5,KnvYRnTA3XQ,0.8893229166666666
normal,clk7gzvwl001e3n6ldwqkwlhl,KnvYRnTA3XQ,1.0
normal,clk7h0iwr001i3n6l7zutfxo5,KnvYRnTA3XQ,1.0
normal,clk7h195v001m3n6lqorxya1g,KnvYRnTA3XQ,0.984375
normal,clk7h2ijw001q3n6lisf01i9v,KnvYRnTA3XQ,0.9895833333333334
normal,clk7h3u8a001u3n6l5e34c1yc,KnvYRnTA3XQ,1.0
normal,clk7h4oki001y3n6l7typ149i,KnvYRnTA3XQ,0.97265625
normal,clk7uq89a00053n6lonxln755,KnvYRnTA3XQ,1.0
normal,clk7uqx0y00093n6lyp9anc3y,KnvYRnTA3XQ,1.0
normal,clk7ushtq000d3n6lkqijwp5x,KnvYRnTA3XQ,0.6888020833333334
normal,clk7v0al3000j3n6l81n66a68,MN4vnaNwIsA,1.0
normal,clk7v207i000r3n6l7cnpz7iv,MN4vnaNwIsA,1.0
normal,clk7v3gtf000v3n6la00c8eue,MN4vnaNwIsA,0.9895833333333334
normal,clk7v4dfr000z3n6lthxv7b9z,MN4vnaNwIsA,1.0
normal,clk7v612u00133n6ldrkdfi7n,MN4vnaNwIsA,0.9856770833333334
normal,clk7v783700173n6l6ng8xiqw,MN4vnaNwIsA,1.0
normal,clk7v85pj001b3n6lhmu8dk9m,MN4vnaNwIsA,0.9934895833333334
normal,clk7v95jh001f3n6lh0f2hs6i,MN4vnaNwIsA,1.0
normal,clk7va03r001j3n6l2elaj4na,MN4vnaNwIsA,0.9817708333333334
normal,clk7vb47s001n3n6lygrlfyfm,MN4vnaNwIsA,1.0
normal,clk7vbv2o001r3n6lwm62yivw,MN4vnaNwIsA,0.9934895833333334
normal,clk7vcgpg001v3n6le7jiaagx,MN4vnaNwIsA,1.0
normal,clk7vd8v8001z3n6l4h45mbxl,MN4vnaNwIsA,0.98828125
normal,clk7veg1d00233n6ld9n15yu8,MN4vnaNwIsA,1.0
normal,clk7vfg2700273n6l7uw034tx,MN4vnaNwIsA,0.9934895833333334
normal,clk7vg4wh002b3n6lnrl2k4nf,MN4vnaNwIsA,1.0
normal,clk7vgohu002f3n6l6edo8gi2,MN4vnaNwIsA,0.9934895833333334
normal,clk7vhaux002j3n6lnpdit5wa,MN4vnaNwIsA,1.0
normal,clk7vifr9002o3n6lofjqr29e,MN4vnaNwIsA,0.9765625
normal,clk7vjylo002t3n6l0is9degp,n-O8dHyYIF0,0.9895833333333334
normal,clk7vkjqo002x3n6lfrz358aq,n-O8dHyYIF0,1.0
normal,clk7vl6yu00313n6lknetd6da,n-O8dHyYIF0,0.98828125
normal,clk7vlsxt00353n6lmynqknax,n-O8dHyYIF0,0.9453125
normal,clk7vopzf003b3n6ls09yk91c,nXuJIs25z1U,1.0
normal,clk7vphu3003f3n6l7q6xnzl8,nXuJIs25z1U,1.0
normal,clk7vqef6003j3n6labf9flig,nXuJIs25z1U,1.0
normal,clk7vr8n7003n3n6l1mm7nwq5,nXuJIs25z1U,1.0
normal,clk7vs979003r3n6l21728wxc,nXuJIs25z1U,1.0
normal,clk7vstq3003v3n6lx16fsb87,nXuJIs25z1U,0.9934895833333334
normal,clk7vuicr00413n6l97p3b0gj,PAeh4qBwsUk,1.0
normal,clk7vv77k00453n6lht826fk9,PAeh4qBwsUk,1.0
normal,clk7vxpkh004b3n6lh19y5sxu,RMdC8Pa3VbU,1.0
normal,clk7vy9ja004f3n6lhju0ini5,RMdC8Pa3VbU,1.0
normal,clk7vzont004k3n6l8rzcrabu,sk0EU7MNt78,1.0
normal,clk7w2a5o004r3n6l5ra8skem,ucZdenbi65k,0.984375
normal,clk7w3ipd004v3n6lvxg2f2do,ucZdenbi65k,0.9908854166666666
normal,cll167h5e001i3o6l5mpbhm7y,diCVwltkV5M,0.9934895833333334
normal,cll168a55001o3o6lwsqxz5b4,diCVwltkV5M,0.8489583333333334
normal,cll16hpim00363o6lw2vi7j2h,EHymg4AGMJs,1.0
normal,cll16ij2s003e3o6lrapjbhw5,EHymg4AGMJs,1.0
normal,cll16j9i2003m3o6l0q72twds,EHymg4AGMJs,1.0
normal,cll16k7c9003u3o6l1z4qfzpf,EHymg4AGMJs,0.99609375
normal,cll16lmkw00423o6lvpbnbl4n,EHymg4AGMJs,1.0
normal,cll16mmxj004a3o6lims8zdjc,EHymg4AGMJs,1.0
normal,cll16nhyo004i3o6lhic41bhi,EHymg4AGMJs,1.0
normal,cll9vjtaw00133o6lyz1ucmc4,vUM4OwTQk34,1.0
normal,cllbxozns00053o6lttivp81c,nXuJIs25z1U,0.9986979166666666
normal,cllbyadr3000a3o6ll9sc6eii,EHymg4AGMJs,1.0
normal,cllbyvxgt000u3o6l7nwi510j,hSIYGZhRGd4,1.0
normal,cllbywkb000103o6lmam65od6,hSIYGZhRGd4,0.99609375
normal,cllbyxjmr00163o6l8skxmujb,hSIYGZhRGd4,1.0
normal,cllbyyh2a001c3o6lanqqhs7g,hSIYGZhRGd4,0.99609375
normal,cllbyzkkm001i3o6l45u1jeg3,hSIYGZhRGd4,1.0
normal,cllbz0tcd001o3o6l9xk6p1rd,hSIYGZhRGd4,0.8880208333333334
normal,cllbz3nkx001u3o6lc1n8stel,hSIYGZhRGd4,0.984375
normal,cllbz4yas00203o6lb5lv3xmr,hSIYGZhRGd4,1.0
normal,cllc0la2000263o6ldir88qnb,hSIYGZhRGd4,0.96875
normal,cllc0njf1002c3o6lc9oewi8q,hSIYGZhRGd4,0.9765625
normal,cllc0owv5002i3o6lf8nc9wez,hSIYGZhRGd4,0.9986979166666666
normal,cllc0reid002s3o6l3w7ki23w,hSIYGZhRGd4,0.9791666666666666
normal,cllc0t1oc002y3o6lz7j1wq4l,hSIYGZhRGd4,1.0
normal,cllc0v8c100363o6l0tnitjgo,hSIYGZhRGd4,1.0
normal,cllc0wbia003c3o6lkgntlxxj,hSIYGZhRGd4,0.9505208333333334
normal,cllc0y22y003i3o6liek1w8k8,hSIYGZhRGd4,1.0
normal,cllc0zccl003o3o6lsxg9bxha,hSIYGZhRGd4,0.8841145833333334
normal,cllc10m7m003u3o6lzizfrn1k,hSIYGZhRGd4,1.0
normal,cllc11h4u003y3o6lujf8deva,hSIYGZhRGd4,0.953125
normal,cllc136vu00423o6lz1gyo2p8,hSIYGZhRGd4,0.9973958333333334
normal,cllc1utlu001r3o6leofk2m9w,MN4vnaNwIsA,1.0
normal,cllc1x7j3001y3o6l3jo829my,MN4vnaNwIsA,0.98046875
normal,cllc1ylva00253o6le0hrppme,MN4vnaNwIsA,1.0
normal,cllc208i9002c3o6ls21a9v6i,MN4vnaNwIsA,0.9856770833333334
normal,cllc21h2d002g3o6lq9rx96l1,MN4vnaNwIsA,1.0
normal,cllc248am002q3o6lx58pvcyp,MN4vnaNwIsA,0.98828125
normal,cllc26p7b002x3o6lmz7e7jh5,MN4vnaNwIsA,1.0
normal,cllc295kl00343o6ldnlgsc1i,MN4vnaNwIsA,0.9856770833333334
normal,cllc2b2ja003b3o6lprua1g0l,MN4vnaNwIsA,1.0
normal,cllc2gg5z003i3o6l7f4xc4qr,MN4vnaNwIsA,0.84375
normal,cllc2ioa7003q3o6lns793jmg,MN4vnaNwIsA,1.0
normal,cllc2jyqh003u3o6lmte5fdzt,MN4vnaNwIsA,1.0
normal,cllc2ljyk00413o6l0hx0vps0,MN4vnaNwIsA,1.0
normal,cllen39z8000v3o6l4x2kgvwe,KnvYRnTA3XQ,1.0
normal,cllen5o7r00113o6lgnt7bym8,KnvYRnTA3XQ,1.0
normal,cllenanis001h3o6lsiozrhdi,KnvYRnTA3XQ,0.9375
normal,cllencclk001n3o6lakdxfzps,KnvYRnTA3XQ,0.90625
normal,clleng5wh001z3o6lpemlh9dy,KnvYRnTA3XQ,1.0
normal,cllenjarj002b3o6ldef7ptm7,KnvYRnTA3XQ,0.9947916666666666
normal,cllenlhp2002h3o6luagefsxk,KnvYRnTA3XQ,1.0
normal,cllenmtfi002n3o6l56xcf72f,KnvYRnTA3XQ,1.0
normal,cllenppvx002t3o6lxhjlee0a,KnvYRnTA3XQ,1.0
normal,cllenrt11002z3o6lcmujqn8n,KnvYRnTA3XQ,1.0
normal,cllenu3ga00333o6luwrwtc56,KnvYRnTA3XQ,1.0
normal,cllenvewz00393o6lvc1dc7qr,KnvYRnTA3XQ,1.0
normal,cllenw3r8003g3o6ludxcf6jg,KnvYRnTA3XQ,0.8125
normal,cllenx426003m3o6ld6v9zx31,KnvYRnTA3XQ,0.75
normal,cllenznbt003s3o6liisv7agr,KnvYRnTA3XQ,0.9453125
parkinsons,cljan9b4p00043n6ligceanyp,B5hrxKe2nP8,0.8971354166666666
parkinsons,cljanb45y00083n6lmh1qhydd,B5hrxKe2nP8,0.8411458333333334
parkinsons,cljnyzwbo00043n6lugyldlhu,_Wn9oYGpRdM,1.0
parkinsons,cljnz3l34000c3n6ldapq560j,_Wn9oYGpRdM,1.0
parkinsons,cljnz4e8u000g3n6l1luikppo,_Wn9oYGpRdM,1.0
parkinsons,cljnz4y5a000k3n6lkv4b1rjn,_Wn9oYGpRdM,0.9986979166666666
parkinsons,cljnz5sb1000o3n6lntosswwz,_Wn9oYGpRdM,1.0
parkinsons,cljnz6vg1000s3n6lxxknbe72,_Wn9oYGpRdM,1.0
parkinsons,cljnz7jnj000w3n6lku3pfvtm,_Wn9oYGpRdM,1.0
parkinsons,cljw614kh002n3n6l98x3nnr6,bmi1hYOnTHs,1.0
parkinsons,cljw61mqp002r3n6ly9axf1b2,bmi1hYOnTHs,1.0
parkinsons,cljw63z1r002z3n6ls929nezr,bmi1hYOnTHs,1.0
parkinsons,cljw65m0800333n6lpxsiegdj,bmi1hYOnTHs,0.87890625
parkinsons,cljw66tru00363n6lul1gvz3v,bmi1hYOnTHs,1.0
parkinsons,cljw69f3h003a3n6lk2qd3f08,bmi1hYOnTHs,0.98046875
parkinsons,cljw6a6on003e3n6l34f95ehd,bmi1hYOnTHs,0.9322916666666666
parkinsons,cljwno0m600043n6lq54umusu,-oJM2wUUjws,1.0
parkinsons,cljwnp5ai000c3n6lqhuqij08,-oJM2wUUjws,1.0
parkinsons,cljwrfyf600203n6ld19mo3ez,M-_cogKwXK4,1.0
parkinsons,cljwrgl2p00243n6lwusay4pt,M-_cogKwXK4,1.0
parkinsons,cljwri6el002b3n6l76w6m2d2,M-_cogKwXK4,1.0
parkinsons,cljwrix1g002f3n6lcqc3bzfa,M-_cogKwXK4,1.0
parkinsons,cljwsrf6f00043n6lyvybiqah,v1SoZ_S31pk,1.0
parkinsons,cll1ste1x00063o6l3v8z8pxh,t1IkEAkBSz4,0.9973958333333334
parkinsons,cll1stw3h000c3o6ls181yumr,t1IkEAkBSz4,1.0
parkinsons,cll1suku5000i3o6l0ztj3m3v,t1IkEAkBSz4,1.0
parkinsons,cll1sv6l6000o3o6lnedidemq,t1IkEAkBSz4,1.0
parkinsons,cll1svwwf000u3o6l1ek6dzq5,t1IkEAkBSz4,1.0
parkinsons,cll1sweuf00103o6lbl3xk82g,t1IkEAkBSz4,1.0
parkinsons,cll1swzih00163o6lxkyk0n6i,t1IkEAkBSz4,0.984375
parkinsons,cll1sxtm2001c3o6ljrt1rg3u,t1IkEAkBSz4,0.9622395833333334
parkinsons,cll1tbuth00053o6lx6ohlub5,b0KrA_96Ks0,0.9609375
parkinsons,cll1tcctq00093o6l30ew8fz2,b0KrA_96Ks0,0.90234375
parkinsons,cll8f6ept00473o6lw6kjtfk7,pFLC9C-xH8E,1.0
parkinsons,cll8f71lx004b3o6l0tgjpc2f,pFLC9C-xH8E,0.94921875
parkinsons,cll8f81fi004f3o6lg0cl1dqz,pFLC9C-xH8E,1.0
parkinsons,cll8f8oxc004j3o6lf22qu0lg,pFLC9C-xH8E,0.9713541666666666
parkinsons,cll8f95iw004n3o6l6eqevch7,pFLC9C-xH8E,1.0
parkinsons,cll8f9vug004r3o6lkzlw0bf1,pFLC9C-xH8E,0.9309895833333334
parkinsons,cll8fagz6004v3o6li524eskm,pFLC9C-xH8E,1.0
parkinsons,cllbkxxuf000c3o6l848vr3gz,v1SoZ_S31pk,1.0
stroke,cljo8c0sw005w3n6l9ulr2eg2,5gpoegYv1hs,0.9661458333333334
stroke,cljo8cyv500603n6lyl148tmg,5gpoegYv1hs,1.0
stroke,cljo8e32t00643n6l37ncjeic,5gpoegYv1hs,0.9921875
stroke,cljo8eumx00683n6le2s7myd4,5gpoegYv1hs,0.984375
stroke,cljo8fdke006c3n6lr8bzjjgi,5gpoegYv1hs,1.0
stroke,cljo8g74m006g3n6l6kuxy9cf,5gpoegYv1hs,1.0
stroke,cljo8hcfv006k3n6lgrx0fcpx,5gpoegYv1hs,1.0
stroke,cljr5fc5d000b3n6lkvc71zyl,8mTHlAIdea0,0.9934895833333334
stroke,cljr5hwxc000f3n6lof5w9tyt,8mTHlAIdea0,0.796875
stroke,cljr5iki0000j3n6lwi8z5nh6,8mTHlAIdea0,0.578125
stroke,cljr5jk0h000n3n6la34mkdfz,8mTHlAIdea0,1.0
stroke,cljvvsucg00043n6l4evgn7q4,9VzOTO0nV8U,1.0
stroke,cljw456fl001b3n6lgrikkdsg,B4rOTkTPbMI,0.9908854166666666
stroke,cljw461m9001f3n6l0o9gjzvg,B4rOTkTPbMI,1.0
stroke,cljw6utb3002i3n6ll0pspyhl,CMls0LwK5OU,1.0
stroke,cljw6vv80002m3n6l14b2y4jg,CMls0LwK5OU,0.9348958333333334
stroke,cljw6wq8o002q3n6lo4lmi8vd,CMls0LwK5OU,0.9296875
stroke,cljw6xyo3002u3n6lyl23l27l,CMls0LwK5OU,0.7786458333333334
stroke,cljw6yqg200313n6l6u9humd4,CMls0LwK5OU,1.0
stroke,cljw76g4e00443n6lfbboyczo,dc7cnLxbpKU,0.921875
stroke,cljw77snx004c3n6lvetndlu2,dc7cnLxbpKU,0.9375
stroke,cljw7jxyk00663n6la0rfq89w,dvfeYnWVD08,0.9114583333333334
stroke,cljw7knmw006a3n6lz5gfb0bo,dvfeYnWVD08,0.9986979166666666
stroke,cljw7r04700753n6ljc4jrdyl,eBvzFkcvScg,1.0
stroke,cljw7rexn00793n6l1q6fmh8e,eBvzFkcvScg,0.9635416666666666
stroke,cljw7rzbm007d3n6lanxu4gf4,eBvzFkcvScg,1.0
stroke,cljw7shbo007h3n6lhj6j73z3,eBvzFkcvScg,0.9778645833333334
stroke,cljw7swdz007l3n6larz6jybg,eBvzFkcvScg,0.9947916666666666
stroke,cljw7tfqg007p3n6l0nwqb8w1,eBvzFkcvScg,0.98046875
stroke,cljwbp6ll001b3n6lcbxh7liq,Exqj0M000S8,0.9908854166666666
stroke,cljwbqprx001f3n6l49fulwhf,Exqj0M000S8,1.0
stroke,cljwcqyw500283n6lcmqv13n0,FpXbeLZWFSw,0.9973958333333334
stroke,cljwcrswx002c3n6lwn7iv6br,FpXbeLZWFSw,1.0
stroke,cljwcsw38002g3n6l088m4lb7,FpXbeLZWFSw,0.9947916666666666
stroke,cljwctrwx002k3n6lv7z0eodd,FpXbeLZWFSw,0.9973958333333334
stroke,cljwcu98s002o3n6lgvojbey3,FpXbeLZWFSw,0.99609375
stroke,cljwcurcc002s3n6lvrwlkbni,FpXbeLZWFSw,0.9986979166666666
stroke,cljwcvfg5002w3n6lo9eg0k8w,FpXbeLZWFSw,0.9986979166666666
stroke,clk6l5hsj002w3n6lrta6djle,Exqj0M000S8,0.9973958333333334
stroke,clk6lapp7003e3n6lnpqtai54,fbY4O04uunE,0.9622395833333334
stroke,clk6lb2my003i3n6lesxxkgpf,fbY4O04uunE,0.99609375
stroke,clk6lbly5003m3n6l9bjdqiyz,fbY4O04uunE,0.9505208333333334
stroke,clk6lc90h003q3n6lppkjh9f0,fbY4O04uunE,0.9869791666666666
stroke,clk6lcq54003u3n6llqcmuee5,fbY4O04uunE,1.0
stroke,clk6ld20x003y3n6lmooncyx3,fbY4O04uunE,1.0
stroke,clk6ldflp00423n6l9q27b78p,fbY4O04uunE,1.0
stroke,clk6le8lt00463n6l6op89c4x,fbY4O04uunE,1.0
stroke,cll7ob018002y3o6lngai3iq4,kA40kglSmYw,1.0
stroke,cll7oc4r400323o6loioj0j28,kA40kglSmYw,1.0
stroke,cll7qnc53007b3o6l18kjlo9h,mu00TaRG7VU,0.953125
stroke,cll8l5xmc009o3o6la9fovmmm,sChOLBghpAc,1.0
stroke,cll8l6r0y009s3o6lb2t64r1s,sChOLBghpAc,1.0
stroke,cll8l7rpo009w3o6l08elz1cg,sChOLBghpAc,1.0
stroke,cll8xwtqh00053o6lnmzz62kh,sp89jxy3vp8,1.0
stroke,cll8xxc8w00093o6lcq5eithl,sp89jxy3vp8,1.0
stroke,cll8xy0z3000d3o6l0tu8ne8b,sp89jxy3vp8,1.0
stroke,cll8xynyj000h3o6l9y7gaf94,sp89jxy3vp8,1.0
stroke,cllamcout001v3o6lx51e4fcu,yk6iSZuuk24,1.0
stroke,cllamdkcy001z3o6loclvtv5v,yk6iSZuuk24,1.0
stroke,cllame9uz00233o6lt03c2x51,yk6iSZuuk24,1.0
stroke,cllamf5or00273o6l8cchelc8,yk6iSZuuk24,1.0
stroke,cllamo3pq003d3o6ldsog6gb1,Z_SEzAFi6-s,1.0
stroke,cllamomk2003h3o6lxq0mitm2,Z_SEzAFi6-s,1.0
stroke,cllamp814003l3o6lle1ds6yw,Z_SEzAFi6-s,1.0
stroke,cllampv8c003p3o6l2k0e60tp,Z_SEzAFi6-s,1.0
stroke,cllcybkmj001p3o6le6i3k02f,sChOLBghpAc,1.0
stroke,clld31rce001g3o6lfozpguia,USurcA3YKDY,1.0
stroke,clld33m5t001n3o6lakpu6arj,USurcA3YKDY,1.0
stroke,clld34hz8001u3o6la1gw24at,USurcA3YKDY,0.9973958333333334
stroke,clld350gs00213o6lt5pzq6o1,USurcA3YKDY,1.0
stroke,clld35xx200283o6l5o4i98br,USurcA3YKDY,1.0
stroke,clld370jn002f3o6luhtp48iu,USurcA3YKDY,1.0
stroke,clld37oaa002m3o6li6dyqsp9,USurcA3YKDY,1.0
stroke,clld38e4i002t3o6l0iije9fu,USurcA3YKDY,1.0
myopathic,cljargosy00cx3n6lm6atozrz,R8LRCiTvUz8,0.9908854166666666
myopathic,cljarhldg00d13n6l7utw0lqn,R8LRCiTvUz8,0.96875
myopathic,cljarj6rf00d53n6ljtivf4q7,R8LRCiTvUz8,1.0
myopathic,cljarkax200d93n6lukx52g1t,R8LRCiTvUz8,0.9791666666666666
myopathic,cljarlbch00dd3n6l9jaubrxq,R8LRCiTvUz8,1.0
myopathic,cljarmcm700dh3n6lxw24hxgx,R8LRCiTvUz8,1.0
myopathic,cljarn9oy00dl3n6l8pg9exfg,R8LRCiTvUz8,0.9934895833333334
myopathic,cljaroguw00dp3n6lhfddiadu,R8LRCiTvUz8,1.0
myopathic,cljarp08600dt3n6lxa7sysiv,R8LRCiTvUz8,1.0
myopathic,cljarpts600dx3n6l98zqf6yn,R8LRCiTvUz8,0.9947916666666666
myopathic,cljarqtuz00e13n6lrnox6mfs,R8LRCiTvUz8,0.9791666666666666
myopathic,cljawb5nf00043n6l38chxsod,HDkWDe6FZDg,1.0
myopathic,cljawd01m00093n6l4kx9020l,HDkWDe6FZDg,1.0
myopathic,cljawdoej000d3n6ll5ysj34f,HDkWDe6FZDg,1.0
myopathic,cljax9d2p00363n6lx043s1m7,jzJIpY6vRLo,1.0
myopathic,cljaxabfg003a3n6l95mrlcry,jzJIpY6vRLo,1.0
myopathic,cljaxb5y2003e3n6lj1j9qvav,jzJIpY6vRLo,1.0
myopathic,cljaxbq22003i3n6lmzka93uq,jzJIpY6vRLo,1.0
myopathic,cljo817z5004u3n6le3srfa4t,4Yiqk-ud8rI,0.9921875
myopathic,cljo83yl800513n6lfglf5jn8,05oyBOE_0UE,0.9622395833333334
myopathic,cljo84jju00553n6lmgm4dqtb,05oyBOE_0UE,0.9817708333333334
myopathic,cljr5nnwf000w3n6l8byrugrq,8NlJgIySMG0,1.0
myopathic,cljr5pdec00103n6lxb9mplvp,8NlJgIySMG0,1.0
myopathic,cljr5tz3c001k3n6lfc27vpnp,8PPLTf0fZsY,1.0
myopathic,cljr5unji001o3n6lapqpzkio,8PPLTf0fZsY,1.0
myopathic,cljr5vg0s001s3n6lvxtmt0rn,8PPLTf0fZsY,1.0
myopathic,cljr5wgkf001w3n6lwp1w3wlu,8PPLTf0fZsY,1.0
myopathic,cljr61601002i3n6lp9ppmflo,5qM6wxZ_dNs,1.0
myopathic,cljr62h3i002m3n6l9z24blly,5qM6wxZ_dNs,0.96875
myopathic,cljr632e1002q3n6lcmbpwpnh,5qM6wxZ_dNs,1.0
myopathic,cljr63lr2002u3n6ltz5dkwef,5qM6wxZ_dNs,0.9986979166666666
myopathic,cljr64k4y002y3n6lqg5rmn1o,5qM6wxZ_dNs,1.0
myopathic,cljr658xk00323n6lfid0k0y6,5qM6wxZ_dNs,0.96484375
myopathic,cljr676xh00363n6le4sij6m4,5qM6wxZ_dNs,0.9921875
myopathic,cljr6cam3003f3n6lzc4mo5ig,5qM6wxZ_dNs,1.0
myopathic,cljr6mxf0000c3n6lujp11l6w,7Ft1bUTzxkM,1.0
myopathic,cljr6o2r2000g3n6ld9zqoaqo,7Ft1bUTzxkM,1.0
myopathic,cljr6ohvb000k3n6lfqwsgy5d,7Ft1bUTzxkM,1.0
myopathic,cljr6plhu000o3n6loi07umhh,7Ft1bUTzxkM,1.0
myopathic,cljr6q6hi000s3n6l92mb8yqa,7Ft1bUTzxkM,1.0
myopathic,cljr6u47g00113n6lkd13v5fb,9qg-3smwLcs,0.98046875
myopathic,cljr6wkld00193n6ltjloqzl1,9qg-3smwLcs,0.99609375
myopathic,cljr6xqvi001d3n6lctvtihw2,9qg-3smwLcs,0.9986979166666666
myopathic,cljr6z0uo001h3n6lixdz25qa,9qg-3smwLcs,0.9947916666666666
myopathic,cljr6zqwu001l3n6lc40rmemx,9qg-3smwLcs,0.9427083333333334
myopathic,cljr70g44001p3n6l08md7kau,9qg-3smwLcs,0.9830729166666666
myopathic,cljs4uncs00643n6l8sijg6vc,A2-NkglbQu0,1.0
myopathic,cljs4we1v00683n6l3sp64qx4,A2-NkglbQu0,1.0
myopathic,cljw75out003z3n6ldarll2qz,cWujgb8jHNE,1.0
myopathic,cljwcn068001y3n6lrm6qqj8o,FElCDD3X8pI,0.9752604166666666
myopathic,cljwr7n4o000w3n6lqxx0iv86,L26I5sHvleg,1.0
myopathic,cljwr9rrl00163n6lt054x4sf,lkr-EBeDC3I,1.0
myopathic,cljwraiju001a3n6l55k44i9k,lkr-EBeDC3I,1.0
myopathic,cljwrbegv001e3n6l2d7a3018,lkr-EBeDC3I,1.0
myopathic,cljws3yi7005j3n6lhe3pllsk,nrUHUl1fn4I,1.0
myopathic,cljws4z6p005n3n6l0pj42xf3,nrUHUl1fn4I,0.9791666666666666
myopathic,cljxkz0sw000l3n6lag5efqf7,zJ6PFxJrGf8,1.0
myopathic,cljxl011m000p3n6l374n38ms,zJ6PFxJrGf8,1.0
myopathic,cljxl0iym000t3n6lynwllkv1,zJ6PFxJrGf8,1.0
myopathic,cljxl14d9000x3n6la28mx768,zJ6PFxJrGf8,1.0
myopathic,cljxl1oc900113n6larkl504p,zJ6PFxJrGf8,0.9596354166666666
myopathic,cljxl2hlg00183n6lww6aucok,zJ6PFxJrGf8,0.9752604166666666
myopathic,cljxl3an5001c3n6lschs9zkv,zJ6PFxJrGf8,1.0
myopathic,cljxl3joo001g3n6l4rl9x2md,zJ6PFxJrGf8,0.9635416666666666
myopathic,cljxl3w9f001k3n6lf6lezxqe,zJ6PFxJrGf8,1.0
myopathic,cljxl4f0n001o3n6lbbq2h864,zJ6PFxJrGf8,1.0
myopathic,cll44833z000j3o6lwxof7566,Ha9LKXZfWBQ,1.0
myopathic,cll4494ux000n3o6lyqr7dx4l,Ha9LKXZfWBQ,1.0
myopathic,cll449lal000t3o6lv4pja4l7,Ha9LKXZfWBQ,1.0
myopathic,cll44a69n000z3o6l8p6gooxx,Ha9LKXZfWBQ,1.0
myopathic,cll44ar0q00153o6luv35dhl0,Ha9LKXZfWBQ,0.9088541666666666
myopathic,cll44balt00193o6lbzpyxlqq,Ha9LKXZfWBQ,0.984375
myopathic,cll44bzhg001f3o6l7spc508t,Ha9LKXZfWBQ,1.0
myopathic,cll44cgt0001l3o6lsn9qb73s,Ha9LKXZfWBQ,0.9934895833333334
myopathic,cll44cxvz001r3o6l42os54zz,Ha9LKXZfWBQ,0.9635416666666666
myopathic,cll44dip4001x3o6l2pa7optw,Ha9LKXZfWBQ,1.0
myopathic,cll44e48l00233o6lu0msccp4,Ha9LKXZfWBQ,0.9869791666666666
myopathic,cll74iurd000n3o6l11c4d3dr,IdAdpZaTWjU,0.984375
myopathic,cll74jg80000r3o6liy3ptuv8,IdAdpZaTWjU,1.0
myopathic,cll74k2q6000v3o6lkwwid8uy,IdAdpZaTWjU,1.0
myopathic,cll74kndy000z3o6libp3z895,IdAdpZaTWjU,1.0
myopathic,cll74l1t600133o6l0y8ernl6,IdAdpZaTWjU,1.0
myopathic,cll74lhf600173o6l1j74wi5e,IdAdpZaTWjU,1.0
myopathic,cll74m03k001b3o6lxpj0gss4,IdAdpZaTWjU,0.9674479166666666
myopathic,cll74mw1p001g3o6lmzp645v9,idpMyfZB8NY,1.0
myopathic,cll74njy2001k3o6ls5l7mt08,idpMyfZB8NY,0.98046875
myopathic,cll74nx98001o3o6lkdlyjqkj,idpMyfZB8NY,1.0
myopathic,cll74oaue001s3o6lokpt6r3r,idpMyfZB8NY,0.9973958333333334
myopathic,cll74opgk001w3o6lpjvqslkk,idpMyfZB8NY,1.0
myopathic,cll74pdep00203o6l8m5f1a7p,idpMyfZB8NY,1.0
myopathic,cll74psft00243o6lzpm59k27,idpMyfZB8NY,0.9973958333333334
myopathic,cll74q59g00283o6lp8wjejom,idpMyfZB8NY,1.0
myopathic,cll74qs2e002c3o6l88xwhcsc,idpMyfZB8NY,1.0
myopathic,cll74r665002g3o6leghjiw3d,idpMyfZB8NY,0.9973958333333334
myopathic,cll74rnnc002k3o6lgyr24huh,idpMyfZB8NY,1.0
myopathic,cll74s21j002o3o6lee0bhajg,idpMyfZB8NY,0.9752604166666666
myopathic,cll74sxdi002s3o6ljm7imxsb,idpMyfZB8NY,1.0
myopathic,cll74tkf6002w3o6lgyark0c3,idpMyfZB8NY,0.9518229166666666
myopathic,cll74u7cs00303o6lf02y81t8,idpMyfZB8NY,0.96484375
myopathic,cll7b064n00053o6lq8mpodzg,IuEeKzqsfmk,1.0
myopathic,cll7b0ogn00093o6lkoze3mta,IuEeKzqsfmk,1.0
myopathic,cll7ntwcy001j3o6l58p3y3fx,jzJIpY6vRLo,0.9674479166666666
myopathic,cll7nuif7001n3o6ltux62vsz,jzJIpY6vRLo,0.9947916666666666
myopathic,cll7nuzfe001r3o6lzh1nyjnq,jzJIpY6vRLo,0.9296875
myopathic,cll7nvnpk001v3o6l6i9yqdbg,jzJIpY6vRLo,0.9986979166666666
myopathic,cll7p17gq005w3o6lqpp7ngr6,kqoUzTyn_k4,1.0
myopathic,cll7p1o7c00603o6lnxxropze,kqoUzTyn_k4,1.0
myopathic,cll7p23kk00643o6le67ff7aj,kqoUzTyn_k4,1.0
myopathic,cll7p2ixg00683o6lhbtcct1j,kqoUzTyn_k4,1.0
myopathic,cll7p2x3z006c3o6l9gfs03ce,kqoUzTyn_k4,1.0
myopathic,cll7p3axj006g3o6lly39n3tl,kqoUzTyn_k4,1.0
myopathic,cll7pg92t00173o6ll4zeix6p,LIF-guVFEt0,0.9973958333333334
myopathic,cll7pgnnw001b3o6l6dj7pz87,LIF-guVFEt0,1.0
myopathic,cll7phgq7001f3o6lhvyp3qkx,LIF-guVFEt0,1.0
myopathic,cll7phxi9001j3o6l45fcb97i,LIF-guVFEt0,1.0
myopathic,cll7pipui001n3o6lnqji6t09,LIF-guVFEt0,1.0
myopathic,cll7pj6z0001r3o6lonkwy0ou,LIF-guVFEt0,0.9986979166666666
myopathic,cll7pk4bv001v3o6l4rvsbn9u,LIF-guVFEt0,1.0
myopathic,cll7pkihc001z3o6l2k2myogc,LIF-guVFEt0,1.0
myopathic,cll7pkx8m00233o6l364wm6k4,LIF-guVFEt0,1.0
myopathic,cll7plefm00273o6lrluiavsv,LIF-guVFEt0,1.0
myopathic,cll7pluwd002b3o6lktk9yfpv,LIF-guVFEt0,0.9830729166666666
myopathic,cll7pm826002f3o6lp5tm9v27,LIF-guVFEt0,1.0
myopathic,cll7pmkwd002j3o6l8zgf0gll,LIF-guVFEt0,1.0
myopathic,cll7pmvht002n3o6lwh3pr199,LIF-guVFEt0,1.0
myopathic,cll7pn8hj002r3o6lgw1isap7,LIF-guVFEt0,1.0
myopathic,cll7pnxg4002v3o6lpixzcc64,LIF-guVFEt0,1.0
myopathic,cll7pofeu002z3o6l476wbj4v,LIF-guVFEt0,1.0
myopathic,cll7pov8d00333o6l7l4m5nuj,LIF-guVFEt0,1.0
myopathic,cll7pp9ze00373o6lbfxzudn0,LIF-guVFEt0,1.0
myopathic,cll7ppx1b003b3o6l7e9k5dwc,LIF-guVFEt0,1.0
myopathic,cll7pqcwm003f3o6ltfi4x1ti,LIF-guVFEt0,1.0
myopathic,cll8gocmx004d3o6lj3ma0dbg,qVfnxAlL6d0,1.0
myopathic,cll8gpm34004h3o6lj5wimhnb,qVfnxAlL6d0,1.0
myopathic,cll8gq7i7004l3o6lby0zk8l9,qVfnxAlL6d0,1.0
myopathic,cll8h0akb00683o6ls74ez7x9,R8LRCiTvUz8,1.0
myopathic,cll8h0wn0006c3o6laag88cor,R8LRCiTvUz8,0.9778645833333334
myopathic,cll8h1d5f006g3o6lhytfdu5d,R8LRCiTvUz8,1.0
myopathic,cll8h1zss006k3o6lophvktm7,R8LRCiTvUz8,0.9830729166666666
myopathic,cll8h2imm006o3o6lrk0orfvc,R8LRCiTvUz8,0.984375
myopathic,cll8h2yit006s3o6l0megfvr0,R8LRCiTvUz8,1.0
myopathic,cll8h3m1d006w3o6l16evhm2z,R8LRCiTvUz8,1.0
myopathic,cll8ht6s600703o6lxkz5kl10,R8LRCiTvUz8,0.9830729166666666
myopathic,cll8hu4qq00743o6l9abmzbfu,R8LRCiTvUz8,0.9453125
myopathic,cll8huk7100783o6la7heoyxn,R8LRCiTvUz8,1.0
myopathic,cll8hv4lm007c3o6l3u0iruij,R8LRCiTvUz8,0.99609375
myopathic,cll8hvnj0007g3o6l26dqegsl,R8LRCiTvUz8,0.9752604166666666
myopathic,cll8hwczx007k3o6l9iqpma0o,R8LRCiTvUz8,0.96484375
myopathic,cll8kgvkh007d3o6lqcab168x,Rx21leooiqQ,1.0
myopathic,cll8khcsh007h3o6la2rsk9l5,Rx21leooiqQ,0.9856770833333334
myopathic,cll8kht99007l3o6lzvihldb2,Rx21leooiqQ,1.0
myopathic,cll8ki7xa007p3o6lrxe1n7lb,Rx21leooiqQ,1.0
myopathic,cll8kijic007s3o6lbxho0i7s,Rx21leooiqQ,1.0
myopathic,cll8kj4xu007w3o6ll27qmd7n,Rx21leooiqQ,0.9934895833333334
myopathic,cll8kjx4500803o6laioc6a6l,Rx21leooiqQ,1.0
myopathic,cll8kklqc00843o6lqv7v4xnl,Rx21leooiqQ,1.0
myopathic,cll8kl3ha00883o6l861c0yh4,Rx21leooiqQ,1.0
myopathic,cll8kljtt008c3o6lo3nauxjy,Rx21leooiqQ,1.0
myopathic,cll8kx8ia008p3o6l5gkgknlv,Rz7V1i8kYGU,0.9765625
myopathic,cll8kxq55008t3o6lg6kdl7lw,Rz7V1i8kYGU,1.0
myopathic,cll8ky6ov008x3o6l7axg5yhe,Rz7V1i8kYGU,0.96875
myopathic,cll8kzv9600923o6lnmbhp88u,saCnKfp0pL0,1.0
myopathic,cll8l0bf700963o6lv61akc9u,saCnKfp0pL0,0.984375
myopathic,cll8y8es9001x3o6l3mcv4f58,t_-37DIMeG0,1.0
myopathic,cll8y8q8500213o6lzgu2vbx6,t_-37DIMeG0,0.96875
myopathic,cll8y97aw00253o6l8vtn03pu,t_-37DIMeG0,0.9661458333333334
myopathic,cll8y9mwq00293o6l6ub1jwm9,t_-37DIMeG0,1.0
myopathic,cll8ya2fg002d3o6ln8rlee1k,t_-37DIMeG0,1.0
myopathic,cll8yagvo002h3o6logwq14xn,t_-37DIMeG0,1.0
myopathic,cll8yaux6002l3o6l4ox4ttlh,t_-37DIMeG0,0.984375
myopathic,cll8ybcxb002p3o6l2rlnx6fb,t_-37DIMeG0,0.9674479166666666
myopathic,cll8ybx5d002t3o6ldf5s7yss,t_-37DIMeG0,1.0
myopathic,cll8ycctu002x3o6lpkcttnko,t_-37DIMeG0,1.0
myopathic,cll8ycy3i00313o6l7c95r6hw,t_-37DIMeG0,1.0
myopathic,cll8ydfsl00353o6lsn6rymhc,t_-37DIMeG0,1.0
myopathic,cll8ydvhl00393o6l4pn0f0db,t_-37DIMeG0,0.9791666666666666
myopathic,cllamwa5z00493o6lnpn080ov,zJ6PFxJrGf8,1.0
myopathic,cllamwozn004d3o6l7puz81dt,zJ6PFxJrGf8,1.0
myopathic,cllamxx59004k3o6lkg8cvmpl,zJ6PFxJrGf8,1.0
myopathic,cllamyil1004o3o6lsl7ye5jj,zJ6PFxJrGf8,1.0
myopathic,clldgy8s700723o6l5i2b6d4e,R8LRCiTvUz8,1.0
myopathic,cllfyfckd00043o6liq5zlwv2,Ha9LKXZfWBQ,1.0
myopathic,cllfygkas000a3o6lz5uy81n1,Ha9LKXZfWBQ,1.0
cerebralpalsy,cljar878f00c03n6ly2v2ay88,wRntYsztIEY,1.0
cerebralpalsy,cljar9bqo00c43n6l2u5zmlru,wRntYsztIEY,1.0
cerebralpalsy,cljar9t8o00c83n6ltculhoct,wRntYsztIEY,1.0
cerebralpalsy,cljarar9t00cc3n6lqhi9udoc,wRntYsztIEY,1.0
cerebralpalsy,cljarbn1y00cg3n6l1u4i0d5l,wRntYsztIEY,1.0
cerebralpalsy,cljarcfa700ck3n6lfww83ig1,wRntYsztIEY,1.0
cerebralpalsy,cljarcy3g00co3n6lzsn1x034,wRntYsztIEY,1.0
cerebralpalsy,cljardvzg00cs3n6loetskba6,wRntYsztIEY,1.0
cerebralpalsy,cljas04fw00f33n6lm5cvx9g6,DlPDuHBAP7A,1.0
cerebralpalsy,cljas134500f73n6lkfbjfayp,DlPDuHBAP7A,1.0
cerebralpalsy,cljas1yfs00fb3n6lna38ui6i,DlPDuHBAP7A,1.0
cerebralpalsy,cljas2sou00ff3n6lasppj8h2,DlPDuHBAP7A,1.0
cerebralpalsy,cljas4dqj00fj3n6ldw6wiwpy,DlPDuHBAP7A,1.0
cerebralpalsy,cljas5esv00fn3n6lewd5xqdl,DlPDuHBAP7A,0.9778645833333334
cerebralpalsy,cljas6das00fr3n6lhlqzyhq2,DlPDuHBAP7A,0.7877604166666666
cerebralpalsy,cljas71p600fv3n6lk1rzl7y5,DlPDuHBAP7A,1.0
cerebralpalsy,cljvwb1h6001p3n6l138k9qo4,338R10fA_wU,1.0
cerebralpalsy,cljvwbtul001t3n6lu4qeic4a,338R10fA_wU,0.9947916666666666
cerebralpalsy,cljvwd8v1001x3n6l4kctzozr,338R10fA_wU,1.0
cerebralpalsy,cljvwe0ky00213n6l7qczieno,338R10fA_wU,0.9973958333333334
cerebralpalsy,cljvwev0l00253n6l9z4c0e64,338R10fA_wU,1.0
cerebralpalsy,cljvwfmxb00293n6lyo0ffqwb,338R10fA_wU,0.9557291666666666
cerebralpalsy,cljvwg5ec002d3n6l2md9azmd,338R10fA_wU,1.0
cerebralpalsy,cljvwh32z002h3n6lqbpciciy,338R10fA_wU,1.0
cerebralpalsy,cljvwi48w002l3n6l60p46q08,338R10fA_wU,1.0
cerebralpalsy,cljvwitht002p3n6ltwn2u183,338R10fA_wU,0.9973958333333334
cerebralpalsy,cljvwjpf9002t3n6lho7y7owx,338R10fA_wU,0.8111979166666666
cerebralpalsy,cljvwkifk002x3n6l7jeh6adi,338R10fA_wU,0.9934895833333334
cerebralpalsy,cljw7lvm6006f3n6lme1qtv2g,dXAvAA556gE,1.0
cerebralpalsy,cljw7mjyv006j3n6lr6d34gvu,dXAvAA556gE,1.0
cerebralpalsy,cljw7ndde006n3n6lfm5x8fuv,dXAvAA556gE,0.99609375
cerebralpalsy,cljwbtjtg001t3n6lg3w779jv,f8h2nkV0R8A,0.9817708333333334
cerebralpalsy,cljwrq524003j3n6lt19gnyf5,-MQBffDuto4,1.0
cerebralpalsy,cljwrqwc9003n3n6ltzrvje9c,-MQBffDuto4,1.0
cerebralpalsy,cljwshr10001c3n6ln1kkpqs6,SiYe89_WaTQ,0.9973958333333334
cerebralpalsy,cljwsiehw001g3n6lmr006lhr,SiYe89_WaTQ,1.0
cerebralpalsy,cljwsj29l001k3n6l8938wrtc,SiYe89_WaTQ,1.0
cerebralpalsy,cljwsjpbp001o3n6ln3z2vtfk,SiYe89_WaTQ,0.98828125
cerebralpalsy,cljwskeid001s3n6lrp3je2km,SiYe89_WaTQ,1.0
cerebralpalsy,cljwslbss001w3n6lr5pf4t4k,SiYe89_WaTQ,0.984375
cerebralpalsy,cll8k1ddg00503o6ld0ttyqyk,rWKYDfklSkE,0.99609375
cerebralpalsy,cll8k1pmt00543o6llho982y4,rWKYDfklSkE,0.9986979166666666
cerebralpalsy,cll8k24qs00583o6lbnpqmjyl,rWKYDfklSkE,0.9947916666666666
cerebralpalsy,cll8k2xvv005c3o6lbvl9w3f4,rWKYDfklSkE,0.9869791666666666
cerebralpalsy,cll8k3gus005g3o6la0ll4n2f,rWKYDfklSkE,1.0
cerebralpalsy,cll8k3z7n005k3o6lps3evia5,rWKYDfklSkE,1.0
cerebralpalsy,cll8k49ga005n3o6lrg92111d,rWKYDfklSkE,1.0
cerebralpalsy,cll8k4oby005r3o6ljjncvkp8,rWKYDfklSkE,0.9986979166666666
cerebralpalsy,cll8k59j9005v3o6l2w9i0lse,rWKYDfklSkE,1.0
cerebralpalsy,cll8k5qsr005z3o6lauk0dd4a,rWKYDfklSkE,1.0
cerebralpalsy,cll8k6b0t00633o6l0qohgf43,rWKYDfklSkE,0.9973958333333334
cerebralpalsy,cll8k6t9d00673o6lb9ryzdsb,rWKYDfklSkE,1.0
cerebralpalsy,cll8k74kx006b3o6l0fue0bcg,rWKYDfklSkE,1.0
cerebralpalsy,cll8k7lo2006f3o6lf4tw2dqz,rWKYDfklSkE,1.0
cerebralpalsy,cll8k844v006j3o6lyfwxu6xu,rWKYDfklSkE,1.0
cerebralpalsy,cll8k8pxy006n3o6l2q1gopyo,rWKYDfklSkE,1.0
cerebralpalsy,cll9u8ov900053o6l3ad7pezo,Uj89KJwLYOY,0.9986979166666666
cerebralpalsy,cll9u9i8r00093o6l5ikd2m5u,Uj89KJwLYOY,1.0
