condition,sequence_id,video_id,joint_valid_fraction_00,joint_valid_fraction_01,joint_valid_fraction_02,joint_valid_fraction_03,joint_valid_fraction_04,joint_valid_fraction_05,joint_valid_fraction_06,joint_valid_fraction_07,joint_valid_fraction_08,joint_valid_fraction_09,joint_valid_fraction_10,joint_valid_fraction_11,joint_valid_fraction_12,joint_valid_fraction_13,joint_valid_fraction_14,joint_valid_fraction_15,joint_valid_fraction_16,joint_valid_fraction_17,joint_valid_fraction_18,joint_valid_fraction_19,joint_valid_fraction_20,joint_valid_fraction_21,joint_valid_fraction_22,joint_valid_fraction_23,joint_valid_fraction_24,joint_valid_fraction_25,joint_valid_fraction_26,joint_valid_fraction_27,joint_valid_fraction_28,joint_valid_fraction_29,joint_valid_fraction_30,joint_valid_fraction_31,joint_valid_fraction_32,frame_valid_fraction_00,frame_valid_fraction_01,frame_valid_fraction_02,frame_valid_fraction_03,frame_valid_fraction_04,frame_valid_fraction_05,frame_valid_fraction_06,frame_valid_fraction_07,frame_valid_fraction_08,frame_valid_fraction_09,frame_valid_fraction_10,frame_valid_fraction_11,frame_valid_fraction_12,frame_valid_fraction_13,frame_valid_fraction_14,frame_valid_fraction_15,frame_valid_fraction_16,frame_valid_fraction_17,frame_valid_fraction_18,frame_valid_fraction_19,frame_valid_fraction_20,frame_valid_fraction_21,frame_valid_fraction_22,frame_valid_fraction_23,frame_valid_fraction_24,frame_valid_fraction_25,frame_valid_fraction_26,frame_valid_fraction_27,frame_valid_fraction_28,frame_valid_fraction_29,frame_valid_fraction_30,frame_valid_fraction_31,frame_valid_fraction_32,frame_valid_fraction_33,frame_valid_fraction_34,frame_valid_fraction_35,frame_valid_fraction_36,frame_valid_fraction_37,frame_valid_fraction_38,frame_valid_fraction_39,frame_valid_fraction_40,frame_valid_fraction_41,frame_valid_fraction_42,frame_valid_fraction_43,frame_valid_fraction_44,frame_valid_fraction_45,frame_valid_fraction_46,frame_valid_fraction_47,frame_valid_fraction_48,frame_valid_fraction_49,frame_valid_fraction_50,frame_valid_fraction_51,frame_valid_fraction_52,frame_valid_fraction_53,frame_valid_fraction_54,frame_valid_fraction_55,frame_valid_fraction_56,frame_valid_fraction_57,frame_valid_fraction_58,frame_valid_fraction_59,frame_valid_fraction_60,frame_valid_fraction_61,frame_valid_fraction_62,frame_valid_fraction_63
normal,cljo2wwu7001a3n6ljmqm39l6,3KnFt8bH3tE,0.984375,0.984375,0.984375,0.984375,0.984375,0.984375,0.984375,0.984375,0.984375,0.984375,0.984375,0.984375,0.984375,0.984375,0.984375,0.984375,0.984375,0.984375,0.984375,0.984375,0.984375,0.984375,0.984375,0.984375,0.984375,0.984375,0.984375,0.984375,0.984375,0.96875,0.953125,0.984375,0.984375,0.0,0.93939394,0.969697,1.0,1.0,1.0,1.0,1.0,1.0,1.0,1.0,1.0,1.0,1.0,1.0,1.0,1.0,1.0,1.0,1.0,1.0,1.0,1.0,1.0,1.0,1.0,1.0,1.0,1.0,1.0,1.0,1.0,1.0,1.0,1.0,1.0,1.0,1.0,1.0,1.0,1.0,1.0,1.0,1.0,1.0,1.0,1.0,1.0,1.0,1.0,1.0,1.0,1.0,1.0,1.0,1.0,1.0,1.0,1.0,1.0,1.0,1.0,1.0,1.0
normal,cljo2y1f7001e3n6lt1wgacw6,3KnFt8bH3tE,1.0,1.0,1.0,1.0,1.0,1.0,1.0,1.0,1.0,1.0,1.0,1.0,1.0,0.0,1.0,0.0,1.0,0.0,1.0,0.0,1.0,0.0,1.0,1.0,1.0,1.0,1.0,1.0,1.0,1.0,1.0,1.0,1.0,0.8484849,0.8484849,0.8484849,0.8484849,0.8484849,0.8484849,0.8484849,0.8484849,0.8484849,0.8484849,0.8484849,0.8484849,0.8484849,0.8484849,0.8484849,0.8484849,0.8484849,0.8484849,0.8484849,0.8484849,0.8484849,0.8484849,0.8484849,0.8484849,0.8484849,0.8484849,0.8484849,0.8484849,0.8484849,0.8484849,0.8484849,0.8484849,0.8484849,0.8484849,0.8484849,0.8484849,0.8484849,0.8484849,0.8484849,0.8484849,0.8484849,0.8484849,0.8484849,0.8484849,0.8484849,0.8484849,0.8484849,0.8484849,0.8484849,0.8484849,0.8484849,0.8484849,0.8484849,0.8484849,0.8484849,0.8484849,0.8484849,0.8484849,0.8484849,0.8484849,0.8484849,0.8484849,0.8484849,0.8484849
normal,cljo2yqzp001i3n6lg75p7wtq,3KnFt8bH3tE,1.0,1.0,1.0,1.0,1.0,1.0,1.0,1.0,1.0,1.0,1.0,1.0,1.0,0.796875,1.0,0.515625,0.859375,0.3125,0.71875,0.3125,0.703125,0.296875,0.578125,1.0,1.0,0.875,1.0,1.0,1.0,1.0,1.0,0.921875,1.0,0.93939394,0.93939394,0.93939394,0.93939394,0.93939394,0.969697,0.969697,0.969697,1.0,1.0,1.0,1.0,1.0,1.0,1.0,1.0,1.0,1.0,1.0,0.969697,0.90909094,0.8787879,0.8787879,0.8787879,0.8787879,0.8484849,0.8484849,0.7878788,0.7878788,0.7878788,0.75757575,0.75757575,0.75757575,0.72727275,0.72727275,0.72727275,0.72727275,0.72727275,0.72727275,0.72727275,0.72727275,0.72727275,0.75757575,0.7878788,0.7878788,0.8181818,0.8484849,0.8484849,0.8484849,0.8484849,0.8787879,0.90909094,0.8787879,0.8787879,0.90909094,0.90909094,0.90909094,0.90909094,0.90909094,0.90909094,0.90909094,0.90909094,0.90909094,0.8787879
normal,cljo2zn41001m3n6lhbvww48i,3KnFt8bH3tE,1.0,1.0,1.0,1.0,1.0,1.0,1.0,1.0,1.0,1.0,1.0,1.0,1.0,1.0,0.828125,1.0,0.75,1.0,0.65625,1.0,0.78125,1.0,0.828125,1.0,1.0,1.0,1.0,1.0,1.0,1.0,1.0,1.0,1.0,1.0,0.969697,0.969697,0.969697,1.0,1.0,1.0,1.0,1.0,1.0,1.0,1.0,1.0,1.0,1.0,1.0,1.0,1.0,1.0,1.0,1.0,1.0,1.0,1.0,1.0,1.0,1.0,1.0,1.0,0.969697,0.969697,0.90909094,0.90909094,0.8787879,0.8484849,0.8484849,0.8484849,0.8484849,0.8484849,0.8484849,0.8484849,0.8484849,0.90909094,0.90909094,0.969697,1.0,1.0,1.0,1.0,1.0,1.0,1.0,1.0,1.0,1.0,1.0,1.0,1.0,1.0,1.0,1.0,0.8787879,0.8787879,0.8787879
normal,cljo30lnz001q3n6lopfty7q5,3KnFt8bH3tE,0.984375,0.984375,0.984375,0.984375,0.984375,0.984375,0.984375,0.984375,0.984375,0.984375,0.984375,0.984375,0.984375,0.875,0.734375,0.84375,0.78125,0.8125,0.765625,0.8125,0.78125,0.828125,0.78125,0.984375,0.984375,0.859375,0.984375,0.875,0.984375,0.890625,0.984375,0.890625,0.984375,0.72727275,0.72727275,0.0,0.72727275,0.72727275,0.72727275,0.72727275,0.7878788,0.8484849,0.8787879,0.90909094,0.93939394,1.0,1.0,1.0,1.0,1.0,1.0,1.0,1.0,1.0,1.0,1.0,1.0,1.0,1.0,1.0,1.0,1.0,1.0,1.0,1.0,1.0,1.0,1.0,1.0,1.0,1.0,1.0,1.0,1.0,1.0,1.0,1.0,1.0,1.0,1.0,1.0,0.969697,0.969697,0.93939394,0.8484849,0.8484849,0.8484849,0.8484849,0.8484849,0.8484849,0.8484849,0.8484849,0.8484849,0.8484849,0.8484849,0.8484849,0.8484849
normal,cljo32213001u3n6lel97up5f,3KnFt8bH3tE,1.0,1.0,1.0,1.0,1.0,1.0,1.0,1.0,1.0,1.0,1.0,1.0,1.0,1.0,1.0,1.0,1.0,1.0,1.0,1.0,1.0,1.0,1.0,1.0,1.0,1.0,1.0,1.0,1.0,1.0,1.0,1.0,1.0,1.0,1.0,1.0,1.0,1.0,1.0,1.0,1.0,1.0,1.0,1.0,1.0,1.0,1.0,1.0,1.0,1.0,1.0,1.0,1.0,1.0,1.0,1.0,1.0,1.0,1.0,1.0,1.0,1.0,1.0,1.0,1.0,1.0,1.0,1.0,1.0,1.0,1.0,1.0,1.0,1.0,1.0,1.0,1.0,1.0,1.0,1.0,1.0,1.0,1.0,1.0,1.0,1.0,1.0,1.0,1.0,1.0,1.0,1.0,1.0,1.0,1.0,1.0,1.0
normal,cljo32ik2001y3n6lmmnu0sgo,3KnFt8bH3tE,1.0,1.0,1.0,1.0,1.0,1.0,1.0,1.0,1.0,1.0,1.0,1.0,1.0,0.0,1.0,0.0,1.0,0.0,1.0,0.0,1.0,0.0,1.0,1.0,1.0,1.0,1.0,1.0,1.0,1.0,1.0,1.0,1.0,0.8484849,0.8484849,0.8484849,0.8484849,0.8484849,0.8484849,0.8484849,0.8484849,0.8484849,0.8484849,0.8484849,0.8484849,0.8484849,0.8484849,0.8484849,0.8484849,0.8484849,0.8484849,0.8484849,0.8484849,0.8484849,0.8484849,0.8484849,0.8484849,0.8484849,0.8484849,0.8484849,0.8484849,0.8484849,0.8484849,0.8484849,0.8484849,0.8484849,0.8484849,0.8484849,0.8484849,0.8484849,0.8484849,0.8484849,0.8484849,0.8484849,0.8484849,0.8484849,0.8484849,0.8484849,0.8484849,0.8484849,0.8484849,0.8484849,0.8484849,0.8484849,0.8484849,0.8484849,0.8484849,0.8484849,0.8484849,0.8484849,0.8484849,0.8484849,0.8484849,0.8484849,0.8484849,0.8484849,0.8484849
normal,cljo32xnz00223n6lvxzyif3y,3KnFt8bH3tE,1.0,1.0,1.0,1.0,1.0,1.0,1.0,1.0,1.0,1.0,1.0,1.0,1.0,1.0,1.0,1.0,1.0,1.0,1.0,1.0,1.0,1.0,1.0,1.0,1.0,1.0,1.0,1.0,1.0,1.0,1.0,1.0,1.0,1.0,1.0,1.0,1.0,1.0,1.0,1.0,1.0,1.0,1.0,1.0,1.0,1.0,1.0,1.0,1.0,1.0,1.0,1.0,1.0,1.0,1.0,1.0,1.0,1.0,1.0,1.0,1.0,1.0,1.0,1.0,1.0,1.0,1.0,1.0,1.0,1.0,1.0,1.0,1.0,1.0,1.0,1.0,1.0,1.0,1.0,1.0,1.0,1.0,1.0,1.0,1.0,1.0,1.0,1.0,1.0,1.0,1.0,1.0,1.0,1.0,1.0,1.0,1.0
normal,cljo33m8400263n6l4xxsl6ku,3KnFt8bH3tE,1.0,1.0,1.0,1.0,1.0,1.0,1.0,1.0,1.0,1.0,1.0,1.0,1.0,1.0,1.0,1.0,0.84375,0.75,0.640625,0.703125,0.609375,0.671875,0.5625,1.0,1.0,1.0,1.0,1.0,1.0,1.0,1.0,1.0,1.0,1.0,1.0,1.0,1.0,1.0,1.0,1.0,1.0,1.0,1.0,1.0,1.0,1.0,1.0,1.0,1.0,1.0,0.93939394,0.93939394,0.90909094,0.90909094,0.90909094,0.90909094,0.90909094,0.90909094,0.90909094,0.90909094,0.90909094,0.90909094,0.90909094,0.90909094,0.90909094,0.90909094,0.90909094,0.90909094,0.93939394,0.93939394,0.93939394,0.969697,0.93939394,0.93939394,0.90909094,0.90909094,0.90909094,0.90909094,0.8787879,0.8787879,0.8787879,0.8787879,0.8787879,0.8787879,0.8787879,0.8787879,0.8787879,0.8787879,0.90909094,0.90909094,0.90909094,0.90909094,0.90909094,0.90909094,0.90909094,0.90909094,0.90909094
normal,cljo340cm002a3n6low42ugvh,3KnFt8bH3tE,1.0,1.0,1.0,1.0,1.0,1.0,1.0,1.0,1.0,1.0,1.0,1.0,1.0,0.0,1.0,0.0,1.0,0.0,1.0,0.0,1.0,0.0,1.0,1.0,1.0,0.96875,1.0,1.0,1.0,1.0,1.0,1.0,1.0,0.8484849,0.8484849,0.8484849,0.8484849,0.8484849,0.8484849,0.8484849,0.8484849,0.8484849,0.8484849,0.8484849,0.8181818,0.8484849,0.8484849,0.8484849,0.8484849,0.8484849,0.8484849,0.8484849,0.8484849,0.8484849,0.8484849,0.8484849,0.8484849,0.8484849,0.8484849,0.8484849,0.8484849,0.8484849,0.8484849,0.8484849,0.8181818,0.8484849,0.8484849,0.8484849,0.8484849,0.8484849,0.8484849,0.8484849,0.8484849,0.8484849,0.8484849,0.8484849,0.8484849,0.8484849,0.8484849,0.8484849,0.8484849,0.8484849,0.8484849,0.8484849,0.8484849,0.8484849,0.8484849,0.8484849,0.8484849,0.8484849,0.8484849,0.8484849,0.8484849,0.8484849,0.8484849,0.8484849,0.8484849
normal,cljo39ok9002h3n6ldr0w5sey,3KnFt8bH3tE,1.0,1.0,1.0,1.0,1.0,1.0,1.0,1.0,1.0,1.0,1.0,1.0,1.0,0.0,1.0,0.0,1.0,0.0,1.0,0.0,1.0,0.0,1.0,1.0,1.0,0.921875,1.0,0.953125,1.0,0.96875,1.0,1.0,1.0,0.75757575,0.75757575,0.7878788,0.8181818,0.8181818,0.8484849,0.8484849,0.8484849,0.8484849,0.8484849,0.8484849,0.8484849,0.8484849,0.8484849,0.8484849,0.8484849,0.8484849,0.8484849,0.8484849,0.8484849,0.8484849,0.8484849,0.8484849,0.8484849,0.8484849,0.8484849,0.8484849,0.8484849,0.8484849,0.8484849,0.8484849,0.8484849,0.8484849,0.8484849,0.8484849,0.8484849,0.8484849,0.8484849,0.8484849,0.8484849,0.8484849,0.8484849,0.8484849,0.8484849,0.8484849,0.8484849,0.8484849,0.8484849,0.8484849,0.8484849,0.8484849,0.8484849,0.8484849,0.8484849,0.8484849,0.8484849,0.8484849,0.8484849,0.8484849,0.8484849,0.8484849,0.8484849,0.8484849,0.8484849
normal,cljo3b2dy002l3n6l270vpzp8,3KnFt8bH3tE,1.0,1.0,1.0,1.0,1.0,1.0,1.0,1.0,1.0,1.0,1.0,1.0,1.0,0.0,1.0,0.0,1.0,0.0,1.0,0.0,1.0,0.0,1.0,1.0,1.0,1.0,1.0,1.0,1.0,1.0,1.0,1.0,1.0,0.8484849,0.8484849,0.8484849,0.8484849,0.8484849,0.8484849,0.8484849,0.8484849,0.8484849,0.8484849,0.8484849,0.8484849,0.8484849,0.8484849,0.8484849,0.8484849,0.8484849,0.8484849,0.8484849,0.8484849,0.8484849,0.8484849,0.8484849,0.8484849,0.8484849,0.8484849,0.8484849,0.8484849,0.8484849,0.8484849,0.8484849,0.8484849,0.8484849,0.8484849,0.8484849,0.8484849,0.8484849,0.8484849,0.8484849,0.8484849,0.8484849,0.8484849,0.8484849,0.8484849,0.8484849,0.8484849,0.8484849,0.8484849,0.8484849,0.8484849,0.8484849,0.8484849,0.8484849,0.8484849,0.8484849,0.8484849,0.8484849,0.8484849,0.8484849,0.8484849,0.8484849,0.8484849,0.8484849,0.8484849
parkinsons,cljan9b4p00043n6ligceanyp,B5hrxKe2nP8,1.0,1.0,1.0,1.0,1.0,1.0,1.0,1.0,1.0,1.0,1.0,1.0,1.0,0.0,1.0,0.0,1.0,0.0,1.0,0.0,1.0,0.0,1.0,1.0,1.0,0.0625,1.0,0.703125,1.0,1.0,1.0,1.0,1.0,0.7878788,0.7878788,0.7878788,0.7878788,0.7878788,0.8181818,0.7878788,0.7878788,0.7878788,0.8181818,0.8181818,0.8181818,0.8181818,0.7878788,0.7878788,0.7878788,0.7878788,0.7878788,0.7878788,0.7878788,0.7878788,0.7878788,0.7878788,0.8181818,0.8181818,0.8181818,0.8181818,0.8181818,0.8181818,0.8181818,0.8181818,0.8181818,0.8181818,0.8181818,0.8181818,0.8181818,0.8181818,0.8181818,0.7878788,0.8181818,0.8181818,0.8181818,0.8181818,0.8181818,0.8181818,0.8181818,0.8181818,0.8181818,0.8181818,0.8181818,0.8181818,0.8181818,0.8181818,0.8181818,0.8181818,0.8181818,0.8181818,0.8484849,0.8484849,0.8484849,0.8484849,0.8181818,0.8181818,0.8181818
parkinsons,cljanb45y00083n6lmh1qhydd,B5hrxKe2nP8,1.0,1.0,1.0,1.0,1.0,1.0,1.0,1.0,1.0,1.0,1.0,1.0,1.0,1.0,0.0,1.0,0.0,1.0,0.0,1.0,0.0,1.0,0.0,1.0,1.0,1.0,0.0,1.0,0.125,1.0,0.96875,1.0,1.0,0.7878788,0.7878788,0.7878788,0.7878788,0.7878788,0.7878788,0.7878788,0.7878788,0.7878788,0.7878788,0.7878788,0.7878788,0.7878788,0.7878788,0.7878788,0.7878788,0.7878788,0.7878788,0.7878788,0.7878788,0.7878788,0.7878788,0.7878788,0.7878788,0.7878788,0.7878788,0.8181818,0.8181818,0.8181818,0.8181818,0.8181818,0.8181818,0.8181818,0.8181818,0.7878788,0.7878788,0.7878788,0.7878788,0.7878788,0.7878788,0.7878788,0.7878788,0.75757575,0.75757575,0.7878788,0.7878788,0.7878788,0.7878788,0.7878788,0.7878788,0.7878788,0.7878788,0.7878788,0.7878788,0.7878788,0.7878788,0.7878788,0.7878788,0.7878788,0.7878788,0.7878788,0.7878788,0.7878788,0.7878788
parkinsons,cljnyzwbo00043n6lugyldlhu,_Wn9oYGpRdM,1.0,1.0,1.0,1.0,1.0,1.0,1.0,1.0,1.0,1.0,1.0,1.0,1.0,1.0,1.0,1.0,1.0,1.0,1.0,1.0,1.0,1.0,1.0,1.0,1.0,1.0,1.0,1.0,1.0,1.0,1.0,1.0,1.0,1.0,1.0,1.0,1.0,1.0,1.0,1.0,1.0,1.0,1.0,1.0,1.0,1.0,1.0,1.0,1.0,1.0,1.0,1.0,1.0,1.0,1.0,1.0,1.0,1.0,1.0,1.0,1.0,1.0,1.0,1.0,1.0,1.0,1.0,1.0,1.0,1.0,1.0,1.0,1.0,1.0,1.0,1.0,1.0,1.0,1.0,1.0,1.0,1.0,1.0,1.0,1.0,1.0,1.0,1.0,1.0,1.0,1.0,1.0,1.0,1.0,1.0,1.0,1.0
parkinsons,cljnz3l34000c3n6ldapq560j,_Wn9oYGpRdM,1.0,1.0,1.0,1.0,1.0,1.0,1.0,1.0,1.0,1.0,1.0,1.0,1.0,1.0,1.0,1.0,1.0,1.0,1.0,1.0,1.0,1.0,1.0,1.0,1.0,1.0,1.0,1.0,1.0,1.0,1.0,1.0,1.0,1.0,1.0,1.0,1.0,1.0,1.0,1.0,1.0,1.0,1.0,1.0,1.0,1.0,1.0,1.0,1.0,1.0,1.0,1.0,1.0,1.0,1.0,1.0,1.0,1.0,1.0,1.0,1.0,1.0,1.0,1.0,1.0,1.0,1.0,1.0,1.0,1.0,1.0,1.0,1.0,1.0,1.0,1.0,1.0,1.0,1.0,1.0,1.0,1.0,1.0,1.0,1.0,1.0,1.0,1.0,1.0,1.0,1.0,1.0,1.0,1.0,1.0,1.0,1.0
parkinsons,cljnz4e8u000g3n6l1luikppo,_Wn9oYGpRdM,1.0,1.0,1.0,1.0,1.0,1.0,1.0,1.0,1.0,1.0,1.0,1.0,1.0,1.0,1.0,1.0,1.0,1.0,1.0,1.0,1.0,1.0,1.0,1.0,1.0,1.0,1.0,1.0,1.0,1.0,1.0,1.0,1.0,1.0,1.0,1.0,1.0,1.0,1.0,1.0,1.0,1.0,1.0,1.0,1.0,1.0,1.0,1.0,1.0,1.0,1.0,1.0,1.0,1.0,1.0,1.0,1.0,1.0,1.0,1.0,1.0,1.0,1.0,1.0,1.0,1.0,1.0,1.0,1.0,1.0,1.0,1.0,1.0,1.0,1.0,1.0,1.0,1.0,1.0,1.0,1.0,1.0,1.0,1.0,1.0,1.0,1.0,1.0,1.0,1.0,1.0,1.0,1.0,1.0,1.0,1.0,1.0
parkinsons,cljnz4y5a000k3n6lkv4b1rjn,_Wn9oYGpRdM,1.0,1.0,1.0,1.0,1.0,1.0,1.0,1.0,1.0,1.0,1.0,1.0,1.0,1.0,1.0,1.0,0.796875,1.0,0.546875,1.0,0.515625,1.0,0.4375,1.0,1.0,1.0,1.0,1.0,1.0,1.0,1.0,1.0,0.984375,0.969697,1.0,1.0,1.0,1.0,1.0,1.0,1.0,1.0,1.0,1.0,1.0,1.0,1.0,1.0,1.0,1.0,1.0,1.0,1.0,1.0,1.0,1.0,1.0,1.0,1.0,1.0,1.0,0.93939394,0.90909094,0.90909094,0.8787879,0.8787879,0.8787879,0.8787879,0.8787879,0.8787879,0.8787879,0.90909094,0.90909094,0.90909094,0.90909094,0.90909094,0.90909094,0.90909094,0.90909094,0.90909094,0.93939394,0.969697,0.969697,0.969697,0.969697,0.969697,0.90909094,0.90909094,0.90909094,0.90909094,0.8787879,0.8787879,0.8787879,0.8787879,0.8787879,0.8787879,0.90909094
parkinsons,cljnz5sb1000o3n6lntosswwz,_Wn9oYGpRdM,1.0,1.0,1.0,1.0,1.0,1.0,1.0,1.0,1.0,1.0,1.0,1.0,1.0,1.0,1.0,1.0,1.0,1.0,1.0,1.0,1.0,1.0,1.0,1.0,1.0,1.0,1.0,1.0,1.0,1.0,1.0,1.0,1.0,1.0,1.0,1.0,1.0,1.0,1.0,1.0,1.0,1.0,1.0,1.0,1.0,1.0,1.0,1.0,1.0,1.0,1.0,1.0,1.0,1.0,1.0,1.0,1.0,1.0,1.0,1.0,1.0,1.0,1.0,1.0,1.0,1.0,1.0,1.0,1.0,1.0,1.0,1.0,1.0,1.0,1.0,1.0,1.0,1.0,1.0,1.0,1.0,1.0,1.0,1.0,1.0,1.0,1.0,1.0,1.0,1.0,1.0,1.0,1.0,1.0,1.0,1.0,1.0
parkinsons,cljnz6vg1000s3n6lxxknbe72,_Wn9oYGpRdM,1.0,1.0,1.0,1.0,1.0,1.0,1.0,1.0,1.0,1.0,1.0,1.0,1.0,1.0,1.0,1.0,1.0,1.0,1.0,1.0,1.0,1.0,0.984375,1.0,1.0,1.0,1.0,1.0,1.0,1.0,1.0,1.0,1.0,0.969697,1.0,1.0,1.0,1.0,1.0,1.0,1.0,1.0,1.0,1.0,1.0,1.0,1.0,1.0,1.0,1.0,1.0,1.0,1.0,1.0,1.0,1.0,1.0,1.0,1.0,1.0,1.0,1.0,1.0,1.0,1.0,1.0,1.0,1.0,1.0,1.0,1.0,1.0,1.0,1.0,1.0,1.0,1.0,1.0,1.0,1.0,1.0,1.0,1.0,1.0,1.0,1.0,1.0,1.0,1.0,1.0,1.0,1.0,1.0,1.0,1.0,1.0,1.0
parkinsons,cljnz7jnj000w3n6lku3pfvtm,_Wn9oYGpRdM,1.0,1.0,1.0,1.0,1.0,1.0,1.0,1.0,1.0,1.0,1.0,1.0,1.0,1.0,1.0,1.0,1.0,1.0,1.0,1.0,1.0,1.0,1.0,1.0,1.0,1.0,1.0,1.0,1.0,1.0,1.0,1.0,1.0,1.0,1.0,1.0,1.0,1.0,1.0,1.0,1.0,1.0,1.0,1.0,1.0,1.0,1.0,1.0,1.0,1.0,1.0,1.0,1.0,1.0,1.0,1.0,1.0,1.0,1.0,1.0,1.0,1.0,1.0,1.0,1.0,1.0,1.0,1.0,1.0,1.0,1.0,1.0,1.0,1.0,1.0,1.0,1.0,1.0,1.0,1.0,1.0,1.0,1.0,1.0,1.0,1.0,1.0,1.0,1.0,1.0,1.0,1.0,1.0,1.0,1.0,1.0,1.0
stroke,cljo8c0sw005w3n6l9ulr2eg2,5gpoegYv1hs,1.0,1.0,1.0,1.0,1.0,1.0,1.0,1.0,1.0,1.0,1.0,1.0,1.0,1.0,0.953125,0.796875,0.046875,0.4375,0.046875,0.375,0.046875,0.21875,0.046875,1.0,1.0,0.890625,0.984375,0.921875,1.0,1.0,1.0,0.828125,0.96875,0.7878788,0.8484849,0.8787879,0.8787879,0.8787879,0.8787879,0.8787879,0.8484849,0.7878788,0.7878788,0.7878788,0.75757575,0.75757575,0.7878788,0.7878788,0.7878788,0.75757575,0.75757575,0.75757575,0.75757575,0.75757575,0.75757575,0.75757575,0.75757575,0.75757575,0.75757575,0.75757575,0.7878788,0.7878788,0.8787879,0.7878788,0.7878788,0.72727275,0.72727275,0.72727275,0.72727275,0.72727275,0.72727275,0.72727275,0.8181818,0.8181818,0.8181818,0.7878788,0.7878788,0.7878788,0.7878788,0.7878788,0.7878788,0.7878788,0.8484849,0.8484849,0.7878788,0.7878788,0.7878788,0.7878788,0.7878788,0.8484849,0.8484849,0.8787879,0.8787879,0.8787879,1.0,1.0,1.0
stroke,cljo8cyv500603n6lyl148tmg,5gpoegYv1hs,1.0,1.0,1.0,1.0,1.0,1.0,1.0,1.0,1.0,1.0,1.0,1.0,1.0,1.0,1.0,1.0,1.0,1.0,1.0,1.0,1.0,1.0,1.0,1.0,1.0,1.0,1.0,1.0,1.0,1.0,1.0,1.0,1.0,1.0,1.0,1.0,1.0,1.0,1.0,1.0,1.0,1.0,1.0,1.0,1.0,1.0,1.0,1.0,1.0,1.0,1.0,1.0,1.0,1.0,1.0,1.0,1.0,1.0,1.0,1.0,1.0,1.0,1.0,1.0,1.0,1.0,1.0,1.0,1.0,1.0,1.0,1.0,1.0,1.0,1.0,1.0,1.0,1.0,1.0,1.0,1.0,1.0,1.0,1.0,1.0,1.0,1.0,1.0,1.0,1.0,1.0,1.0,1.0,1.0,1.0,1.0,1.0
stroke,cljo8e32t00643n6l37ncjeic,5gpoegYv1hs,1.0,1.0,1.0,1.0,1.0,1.0,1.0,1.0,1.0,1.0,1.0,1.0,1.0,1.0,0.0,1.0,0.0,1.0,0.0,1.0,0.0,1.0,0.0,1.0,1.0,1.0,0.90625,1.0,1.0,1.0,1.0,1.0,1.0,0.8181818,0.8484849,0.8484849,0.8484849,0.8484849,0.8484849,0.8484849,0.8484849,0.8484849,0.8484849,0.8484849,0.8484849,0.8484849,0.8484849,0.8484849,0.8484849,0.8484849,0.8484849,0.8484849,0.8484849,0.8484849,0.8484849,0.8484849,0.8484849,0.8484849,0.8484849,0.8484849,0.8484849,0.8484849,0.8484849,0.8484849,0.8484849,0.8484849,0.8484849,0.8484849,0.8484849,0.8484849,0.8484849,0.8484849,0.8484849,0.8484849,0.8484849,0.8484849,0.8484849,0.8484849,0.8181818,0.8484849,0.8484849,0.8181818,0.8181818,0.8484849,0.8484849,0.8181818,0.8181818,0.8484849,0.8484849,0.8484849,0.8484849,0.8484849,0.8484849,0.8484849,0.8484849,0.8484849,0.8484849
stroke,cljo8eumx00683n6le2s7myd4,5gpoegYv1hs,1.0,1.0,1.0,1.0,1.0,1.0,1.0,1.0,1.0,1.0,1.0,1.0,1.0,1.0,0.0,1.0,0.0,1.0,0.0,1.0,0.0,1.0,0.0,1.0,1.0,1.0,0.859375,1.0,0.96875,1.0,1.0,1.0,0.984375,0.75757575,0.7878788,0.8181818,0.8181818,0.8484849,0.8484849,0.8484849,0.8484849,0.8181818,0.8181818,0.8484849,0.8484849,0.8484849,0.8484849,0.8181818,0.8181818,0.8484849,0.8484849,0.8484849,0.8484849,0.8484849,0.8484849,0.8484849,0.8484849,0.8484849,0.8484849,0.8484849,0.8484849,0.8484849,0.8484849,0.8484849,0.8484849,0.8484849,0.8181818,0.8484849,0.8484849,0.8484849,0.8484849,0.8484849,0.8484849,0.8484849,0.8484849,0.8484849,0.8484849,0.8484849,0.8484849,0.8484849,0.8484849,0.8484849,0.8484849,0.8484849,0.8484849,0.8484849,0.8484849,0.8484849,0.8484849,0.8484849,0.8484849,0.8484849,0.8484849,0.8484849,0.8484849,0.8484849,0.8484849
stroke,cljo8fdke006c3n6lr8bzjjgi,5gpoegYv1hs,1.0,1.0,1.0,1.0,1.0,1.0,1.0,1.0,1.0,1.0,1.0,1.0,1.0,1.0,1.0,1.0,1.0,1.0,1.0,1.0,1.0,1.0,1.0,1.0,1.0,1.0,1.0,1.0,1.0,1.0,1.0,1.0,1.0,1.0,1.0,1.0,1.0,1.0,1.0,1.0,1.0,1.0,1.0,1.0,1.0,1.0,1.0,1.0,1.0,1.0,1.0,1.0,1.0,1.0,1.0,1.0,1.0,1.0,1.0,1.0,1.0,1.0,1.0,1.0,1.0,1.0,1.0,1.0,1.0,1.0,1.0,1.0,1.0,1.0,1.0,1.0,1.0,1.0,1.0,1.0,1.0,1.0,1.0,1.0,1.0,1.0,1.0,1.0,1.0,1.0,1.0,1.0,1.0,1.0,1.0,1.0,1.0
stroke,cljo8g74m006g3n6l6kuxy9cf,5gpoegYv1hs,1.0,1.0,1.0,1.0,1.0,1.0,1.0,1.0,1.0,1.0,1.0,1.0,1.0,1.0,1.0,1.0,1.0,1.0,1.0,1.0,1.0,1.0,1.0,1.0,1.0,1.0,1.0,1.0,1.0,1.0,1.0,1.0,1.0,1.0,1.0,1.0,1.0,1.0,1.0,1.0,1.0,1.0,1.0,1.0,1.0,1.0,1.0,1.0,1.0,1.0,1.0,1.0,1.0,1.0,1.0,1.0,1.0,1.0,1.0,1.0,1.0,1.0,1.0,1.0,1.0,1.0,1.0,1.0,1.0,1.0,1.0,1.0,1.0,1.0,1.0,1.0,1.0,1.0,1.0,1.0,1.0,1.0,1.0,1.0,1.0,1.0,1.0,1.0,1.0,1.0,1.0,1.0,1.0,1.0,1.0,1.0,1.0
stroke,cljo8hcfv006k3n6lgrx0fcpx,5gpoegYv1hs,1.0,1.0,1.0,1.0,1.0,1.0,1.0,1.0,1.0,1.0,1.0,1.0,1.0,0.421875,1.0,0.84375,1.0,0.703125,1.0,0.703125,1.0,0.703125,1.0,1.0,1.0,1.0,1.0,1.0,1.0,1.0,1.0,1.0,1.0,1.0,1.0,0.8787879,1.0,0.969697,0.969697,1.0,0.8787879,1.0,0.969697,1.0,1.0,0.8787879,1.0,0.969697,1.0,1.0,0.969697,1.0,0.969697,1.0,1.0,1.0,1.0,0.8787879,1.0,0.8787879,0.969697,1.0,0.8484849,1.0,0.8787879,1.0,1.0,0.969697,1.0,0.8787879,1.0,1.0,1.0,0.969697,1.0,0.969697,1.0,0.969697,0.8787879,0.969697,0.969697,0.969697,0.969697,0.969697,0.969697,0.8484849,0.8484849,0.8484849,0.8484849,0.8787879,0.8484849,0.8484849,1.0,0.8484849,0.969697,0.8484849,0.8484849
stroke,cljr5fc5d000b3n6lkvc71zyl,8mTHlAIdea0,1.0,1.0,1.0,1.0,1.0,1.0,1.0,1.0,1.0,1.0,1.0,1.0,1.0,0.546875,1.0,0.546875,1.0,0.53125,1.0,0.53125,1.0,0.53125,0.984375,1.0,1.0,0.953125,1.0,0.96875,1.0,1.0,1.0,1.0,1.0,0.8484849,0.8484849,1.0,1.0,1.0,1.0,1.0,1.0,1.0,1.0,1.0,1.0,1.0,1.0,1.0,1.0,1.0,1.0,1.0,1.0,1.0,1.0,1.0,1.0,1.0,1.0,1.0,1.0,1.0,1.0,1.0,1.0,1.0,1.0,1.0,1.0,0.8181818,0.8484849,0.8484849,0.8484849,0.8484849,0.8484849,0.8484849,0.8181818,0.75757575,0.8484849,0.8484849,0.90909094,0.8484849,0.8484849,0.8484849,0.8484849,0.8484849,0.8484849,0.8484849,0.8484849,0.8484849,0.8181818,0.8484849,0.8484849,0.8484849,0.8484849,0.8484849,0.8484849
stroke,cljr5hwxc000f3n6lof5w9tyt,8mTHlAIdea0,0.796875,0.796875,0.796875,0.796875,0.796875,0.796875,0.796875,0.796875,0.796875,0.796875,0.796875,0.796875,0.796875,0.0,0.796875,0.0,0.796875,0.0,0.796875,0.0,0.796875,0.0,0.796875,0.796875,0.796875,0.796875,0.796875,0.796875,0.796875,0.796875,0.796875,0.796875,0.796875,0.0,0.0,0.0,0.0,0.0,0.0,0.0,0.0,0.0,0.0,0.0,0.0,0.8484849,0.8484849,0.8484849,0.8484849,0.8484849,0.8484849,0.8484849,0.8484849,0.8484849,0.8484849,0.8484849,0.8484849,0.8484849,0.8484849,0.0,0.8484849,0.8484849,0.8484849,0.8484849,0.8484849,0.8484849,0.8484849,0.8484849,0.8484849,0.8484849,0.8484849,0.8484849,0.8484849,0.8484849,0.8484849,0.8484849,0.8484849,0.8484849,0.8484849,0.8484849,0.8484849,0.8484849,0.8484849,0.8484849,0.8484849,0.8484849,0.8484849,0.8484849,0.8484849,0.8484849,0.8484849,0.8484849,0.8484849,0.8484849,0.8484849,0.8484849,0.8484849
stroke,cljr5iki0000j3n6lwi8z5nh6,8mTHlAIdea0,0.578125,0.578125,0.578125,0.578125,0.578125,0.578125,0.578125,0.578125,0.578125,0.578125,0.578125,0.578125,0.578125,0.09375,0.578125,0.109375,0.578125,0.078125,0.578125,0.078125,0.578125,0.078125,0.578125,0.578125,0.578125,0.578125,0.578125,0.578125,0.578125,0.578125,0.578125,0.578125,0.578125,0.0,0.0,0.0,0.0,0.0,0.0,0.0,0.0,0.0,0.0,0.0,0.0,0.0,0.0,0.0,0.0,0.0,0.0,0.0,0.0,1.0,0.0,0.0,0.0,0.0,0.90909094,0.8484849,0.8484849,0.8484849,0.8484849,0.8484849,0.8484849,0.8484849,0.8484849,0.8484849,0.8484849,0.8484849,0.8484849,0.8484849,0.8484849,0.8484849,0.8484849,0.0,0.0,0.0,0.8484849,0.8484849,0.8484849,0.8484849,0.8484849,0.8484849,0.8484849,0.8484849,1.0,1.0,1.0,1.0,0.8787879,0.8484849,0.8484849,0.8484849,0.8484849,0.8484849,0.8484849
stroke,cljr5jk0h000n3n6la34mkdfz,8mTHlAIdea0,1.0,1.0,1.0,1.0,1.0,1.0,1.0,1.0,1.0,1.0,1.0,1.0,1.0,0.765625,1.0,0.765625,1.0,0.765625,1.0,0.765625,1.0,0.765625,1.0,1.0,1.0,1.0,1.0,1.0,1.0,1.0,1.0,1.0,1.0,1.0,1.0,1.0,1.0,1.0,1.0,1.0,1.0,1.0,1.0,1.0,1.0,1.0,1.0,1.0,1.0,1.0,1.0,1.0,1.0,1.0,1.0,1.0,1.0,1.0,1.0,1.0,1.0,1.0,1.0,1.0,1.0,1.0,1.0,1.0,1.0,1.0,1.0,1.0,1.0,1.0,1.0,1.0,1.0,1.0,1.0,0.8484849,0.8484849,0.8484849,0.8484849,0.8484849,1.0,1.0,1.0,0.8484849,0.8484849,0.8484849,0.8484849,0.8484849,0.8484849,0.8484849,0.8484849,0.8484849,0.8484849
stroke,cljvvsucg00043n6l4evgn7q4,9VzOTO0nV8U,1.0,1.0,1.0,1.0,1.0,1.0,1.0,1.0,1.0,1.0,1.0,1.0,1.0,1.0,1.0,1.0,1.0,1.0,1.0,1.0,1.0,1.0,1.0,1.0,1.0,1.0,1.0,1.0,1.0,1.0,1.0,1.0,1.0,1.0,1.0,1.0,1.0,1.0,1.0,1.0,1.0,1.0,1.0,1.0,1.0,1.0,1.0,1.0,1.0,1.0,1.0,1.0,1.0,1.0,1.0,1.0,1.0,1.0,1.0,1.0,1.0,1.0,1.0,1.0,1.0,1.0,1.0,1.0,1.0,1.0,1.0,1.0,1.0,1.0,1.0,1.0,1.0,1.0,1.0,1.0,1.0,1.0,1.0,1.0,1.0,1.0,1.0,1.0,1.0,1.0,1.0,1.0,1.0,1.0,1.0,1.0,1.0
cerebralpalsy,cljar878f00c03n6ly2v2ay88,wRntYsztIEY,1.0,1.0,1.0,1.0,1.0,1.0,1.0,1.0,1.0,1.0,1.0,1.0,1.0,0.0,1.0,0.0,1.0,0.0,1.0,0.0,1.0,0.0,1.0,1.0,1.0,1.0,1.0,1.0,1.0,1.0,1.0,1.0,1.0,0.8484849,0.8484849,0.8484849,0.8484849,0.8484849,0.8484849,0.8484849,0.8484849,0.8484849,0.8484849,0.8484849,0.8484849,0.8484849,0.8484849,0.8484849,0.8484849,0.8484849,0.8484849,0.8484849,0.8484849,0.8484849,0.8484849,0.8484849,0.8484849,0.8484849,0.8484849,0.8484849,0.8484849,0.8484849,0.8484849,0.8484849,0.8484849,0.8484849,0.8484849,0.8484849,0.8484849,0.8484849,0.8484849,0.8484849,0.8484849,0.8484849,0.8484849,0.8484849,0.8484849,0.8484849,0.8484849,0.8484849,0.8484849,0.8484849,0.8484849,0.8484849,0.8484849,0.8484849,0.8484849,0.8484849,0.8484849,0.8484849,0.8484849,0.8484849,0.8484849,0.8484849,0.8484849,0.8484849,0.8484849
cerebralpalsy,cljar9bqo00c43n6l2u5zmlru,wRntYsztIEY,1.0,1.0,1.0,1.0,1.0,1.0,1.0,1.0,1.0,1.0,1.0,1.0,1.0,1.0,0.0,1.0,0.0,1.0,0.0,1.0,0.0,1.0,0.0,1.0,1.0,1.0,1.0,1.0,1.0,1.0,1.0,1.0,1.0,0.8484849,0.8484849,0.8484849,0.8484849,0.8484849,0.8484849,0.8484849,0.8484849,0.8484849,0.8484849,0.8484849,0.8484849,0.8484849,0.8484849,0.8484849,0.8484849,0.8484849,0.8484849,0.8484849,0.8484849,0.8484849,0.8484849,0.8484849,0.8484849,0.8484849,0.8484849,0.8484849,0.8484849,0.8484849,0.8484849,0.8484849,0.8484849,0.8484849,0.8484849,0.8484849,0.8484849,0.8484849,0.8484849,0.8484849,0.8484849,0.8484849,0.8484849,0.8484849,0.8484849,0.8484849,0.8484849,0.8484849,0.8484849,0.8484849,0.8484849,0.8484849,0.8484849,0.8484849,0.8484849,0.8484849,0.8484849,0.8484849,0.8484849,0.8484849,0.8484849,0.8484849,0.8484849,0.8484849,0.8484849
cerebralpalsy,cljar9t8o00c83n6ltculhoct,wRntYsztIEY,1.0,1.0,1.0,1.0,1.0,1.0,1.0,1.0,1.0,1.0,1.0,1.0,1.0,0.0,1.0,0.015625,1.0,0.015625,1.0,0.015625,1.0,0.015625,1.0,1.0,1.0,1.0,1.0,1.0,1.0,1.0,1.0,1.0,1.0,0.8484849,0.8484849,0.8484849,0.8484849,0.8484849,0.8484849,0.8484849,0.8484849,0.8484849,0.8484849,0.8484849,0.8484849,0.8484849,0.8484849,0.8484849,0.8484849,0.8484849,0.8484849,0.8484849,0.8484849,0.8484849,0.8484849,0.8484849,0.8484849,0.8484849,0.8484849,0.8484849,0.8484849,0.8484849,0.8484849,0.8484849,0.8484849,0.8484849,0.8484849,0.8484849,0.8484849,0.8484849,0.8484849,0.8484849,0.8484849,0.8484849,0.8484849,0.8484849,0.8484849,0.8484849,0.8484849,0.8484849,0.8484849,0.8484849,0.8484849,0.8484849,0.8484849,0.8484849,0.8484849,0.8484849,0.8484849,0.8484849,0.8484849,0.8484849,0.8484849,0.8484849,0.8484849,0.8484849,0.969697
cerebralpalsy,cljarar9t00cc3n6lqhi9udoc,wRntYsztIEY,1.0,1.0,1.0,1.0,1.0,1.0,1.0,1.0,1.0,1.0,1.0,1.0,1.0,1.0,0.0,1.0,0.0,1.0,0.0,1.0,0.0,1.0,0.0,1.0,1.0,1.0,1.0,1.0,1.0,1.0,1.0,1.0,1.0,0.8484849,0.8484849,0.8484849,0.8484849,0.8484849,0.8484849,0.8484849,0.8484849,0.8484849,0.8484849,0.8484849,0.8484849,0.8484849,0.8484849,0.8484849,0.8484849,0.8484849,0.8484849,0.8484849,0.8484849,0.8484849,0.8484849,0.8484849,0.8484849,0.8484849,0.8484849,0.8484849,0.8484849,0.8484849,0.8484849,0.8484849,0.8484849,0.8484849,0.8484849,0.8484849,0.8484849,0.8484849,0.8484849,0.8484849,0.8484849,0.8484849,0.8484849,0.8484849,0.8484849,0.8484849,0.8484849,0.8484849,0.8484849,0.8484849,0.8484849,0.8484849,0.8484849,0.8484849,0.8484849,0.8484849,0.8484849,0.8484849,0.8484849,0.8484849,0.8484849,0.8484849,0.8484849,0.8484849,0.8484849
cerebralpalsy,cljarbn1y00cg3n6l1u4i0d5l,wRntYsztIEY,1.0,1.0,1.0,1.0,1.0,1.0,1.0,1.0,1.0,1.0,1.0,1.0,1.0,1.0,1.0,1.0,1.0,1.0,1.0,1.0,1.0,1.0,1.0,1.0,1.0,1.0,1.0,1.0,1.0,1.0,1.0,1.0,1.0,1.0,1.0,1.0,1.0,1.0,1.0,1.0,1.0,1.0,1.0,1.0,1.0,1.0,1.0,1.0,1.0,1.0,1.0,1.0,1.0,1.0,1.0,1.0,1.0,1.0,1.0,1.0,1.0,1.0,1.0,1.0,1.0,1.0,1.0,1.0,1.0,1.0,1.0,1.0,1.0,1.0,1.0,1.0,1.0,1.0,1.0,1.0,1.0,1.0,1.0,1.0,1.0,1.0,1.0,1.0,1.0,1.0,1.0,1.0,1.0,1.0,1.0,1.0,1.0
cerebralpalsy,cljarcfa700ck3n6lfww83ig1,wRntYsztIEY,1.0,1.0,1.0,1.0,1.0,1.0,1.0,1.0,1.0,1.0,1.0,1.0,1.0,1.0,1.0,1.0,1.0,1.0,1.0,1.0,1.0,1.0,1.0,1.0,1.0,1.0,1.0,1.0,1.0,1.0,1.0,1.0,1.0,1.0,1.0,1.0,1.0,1.0,1.0,1.0,1.0,1.0,1.0,1.0,1.0,1.0,1.0,1.0,1.0,1.0,1.0,1.0,1.0,1.0,1.0,1.0,1.0,1.0,1.0,1.0,1.0,1.0,1.0,1.0,1.0,1.0,1.0,1.0,1.0,1.0,1.0,1.0,1.0,1.0,1.0,1.0,1.0,1.0,1.0,1.0,1.0,1.0,1.0,1.0,1.0,1.0,1.0,1.0,1.0,1.0,1.0,1.0,1.0,1.0,1.0,1.0,1.0
cerebralpalsy,cljarcy3g00co3n6lzsn1x034,wRntYsztIEY,1.0,1.0,1.0,1.0,1.0,1.0,1.0,1.0,1.0,1.0,1.0,1.0,1.0,1.0,1.0,1.0,1.0,1.0,1.0,1.0,1.0,1.0,1.0,1.0,1.0,1.0,1.0,1.0,1.0,1.0,1.0,1.0,1.0,1.0,1.0,1.0,1.0,1.0,1.0,1.0,1.0,1.0,1.0,1.0,1.0,1.0,1.0,1.0,1.0,1.0,1.0,1.0,1.0,1.0,1.0,1.0,1.0,1.0,1.0,1.0,1.0,1.0,1.0,1.0,1.0,1.0,1.0,1.0,1.0,1.0,1.0,1.0,1.0,1.0,1.0,1.0,1.0,1.0,1.0,1.0,1.0,1.0,1.0,1.0,1.0,1.0,1.0,1.0,1.0,1.0,1.0,1.0,1.0,1.0,1.0,1.0,1.0
cerebralpalsy,cljardvzg00cs3n6loetskba6,wRntYsztIEY,1.0,1.0,1.0,1.0,1.0,1.0,1.0,1.0,1.0,1.0,1.0,1.0,1.0,1.0,1.0,1.0,1.0,1.0,1.0,1.0,1.0,1.0,0.984375,1.0,1.0,1.0,1.0,1.0,1.0,1.0,1.0,1.0,1.0,1.0,1.0,1.0,1.0,1.0,1.0,1.0,1.0,1.0,1.0,1.0,1.0,1.0,1.0,1.0,1.0,1.0,1.0,1.0,1.0,1.0,1.0,1.0,1.0,1.0,1.0,1.0,1.0,1.0,1.0,1.0,1.0,1.0,1.0,1.0,1.0,1.0,1.0,1.0,1.0,1.0,1.0,1.0,0.969697,1.0,1.0,1.0,1.0,1.0,1.0,1.0,1.0,1.0,1.0,1.0,1.0,1.0,1.0,1.0,1.0,1.0,1.0,1.0,1.0
cerebralpalsy,cljas04fw00f33n6lm5cvx9g6,DlPDuHBAP7A,1.0,1.0,1.0,1.0,1.0,1.0,1.0,1.0,1.0,1.0,1.0,1.0,1.0,1.0,1.0,1.0,1.0,1.0,1.0,1.0,1.0,1.0,1.0,1.0,1.0,1.0,1.0,1.0,1.0,1.0,1.0,1.0,1.0,1.0,1.0,1.0,1.0,1.0,1.0,1.0,1.0,1.0,1.0,1.0,1.0,1.0,1.0,1.0,1.0,1.0,1.0,1.0,1.0,1.0,1.0,1.0,1.0,1.0,1.0,1.0,1.0,1.0,1.0,1.0,1.0,1.0,1.0,1.0,1.0,1.0,1.0,1.0,1.0,1.0,1.0,1.0,1.0,1.0,1.0,1.0,1.0,1.0,1.0,1.0,1.0,1.0,1.0,1.0,1.0,1.0,1.0,1.0,1.0,1.0,1.0,1.0,1.0
cerebralpalsy,cljas134500f73n6lkfbjfayp,DlPDuHBAP7A,1.0,1.0,1.0,1.0,1.0,1.0,1.0,1.0,1.0,1.0,1.0,1.0,1.0,0.890625,1.0,0.953125,1.0,0.953125,1.0,0.953125,1.0,0.953125,1.0,1.0,1.0,1.0,1.0,1.0,1.0,1.0,1.0,1.0,1.0,1.0,1.0,1.0,1.0,1.0,1.0,1.0,1.0,1.0,1.0,1.0,1.0,1.0,1.0,1.0,1.0,1.0,1.0,1.0,1.0,1.0,1.0,1.0,1.0,1.0,1.0,1.0,1.0,1.0,1.0,1.0,1.0,1.0,1.0,1.0,1.0,1.0,1.0,1.0,1.0,1.0,1.0,1.0,1.0,1.0,1.0,1.0,1.0,1.0,1.0,1.0,1.0,1.0,1.0,1.0,1.0,1.0,0.969697,0.969697,0.969697,0.969697,0.8484849,0.8484849,0.8484849
cerebralpalsy,cljas1yfs00fb3n6lna38ui6i,DlPDuHBAP7A,1.0,1.0,1.0,1.0,1.0,1.0,1.0,1.0,1.0,1.0,1.0,1.0,1.0,1.0,1.0,1.0,1.0,1.0,1.0,1.0,1.0,1.0,1.0,1.0,1.0,1.0,1.0,1.0,1.0,1.0,1.0,1.0,1.0,1.0,1.0,1.0,1.0,1.0,1.0,1.0,1.0,1.0,1.0,1.0,1.0,1.0,1.0,1.0,1.0,1.0,1.0,1.0,1.0,1.0,1.0,1.0,1.0,1.0,1.0,1.0,1.0,1.0,1.0,1.0,1.0,1.0,1.0,1.0,1.0,1.0,1.0,1.0,1.0,1.0,1.0,1.0,1.0,1.0,1.0,1.0,1.0,1.0,1.0,1.0,1.0,1.0,1.0,1.0,1.0,1.0,1.0,1.0,1.0,1.0,1.0,1.0,1.0
cerebralpalsy,cljas2sou00ff3n6lasppj8h2,DlPDuHBAP7A,1.0,1.0,1.0,1.0,1.0,1.0,1.0,1.0,1.0,1.0,1.0,1.0,1.0,1.0,1.0,1.0,1.0,1.0,0.96875,1.0,0.96875,1.0,0.90625,1.0,1.0,1.0,1.0,1.0,1.0,1.0,1.0,1.0,1.0,0.90909094,1.0,1.0,1.0,0.90909094,0.969697,0.969697,1.0,1.0,0.969697,1.0,1.0,1.0,1.0,1.0,1.0,0.969697,1.0,1.0,1.0,1.0,1.0,1.0,1.0,1.0,1.0,1.0,1.0,1.0,1.0,1.0,1.0,1.0,1.0,1.0,1.0,1.0,1.0,1.0,1.0,1.0,1.0,1.0,1.0,1.0,1.0,1.0,1.0,1.0,1.0,1.0,1.0,1.0,1.0,1.0,1.0,1.0,1.0,1.0,1.0,1.0,1.0,1.0,1.0
cerebralpalsy,cljas4dqj00fj3n6ldw6wiwpy,DlPDuHBAP7A,1.0,1.0,1.0,1.0,1.0,1.0,1.0,1.0,1.0,1.0,1.0,1.0,1.0,0.015625,1.0,0.078125,1.0,0.03125,1.0,0.046875,1.0,0.046875,1.0,1.0,1.0,1.0,1.0,1.0,1.0,1.0,1.0,1.0,1.0,0.8484849,0.8484849,0.8484849,0.8484849,0.8484849,0.8484849,0.8484849,0.969697,0.8787879,0.8787879,1.0,0.8484849,0.8484849,0.8484849,0.8484849,0.8484849,0.8484849,0.8484849,0.8484849,0.8484849,0.8484849,0.8484849,0.93939394,0.8484849,0.8484849,0.8484849,0.8484849,0.8484849,0.8484849,0.8484849,0.8484849,0.8484849,0.8484849,0.8484849,0.8484849,0.8484849,0.8484849,0.8484849,0.8484849,0.8484849,0.8484849,0.8484849,0.8484849,0.8484849,0.8484849,0.8484849,0.8484849,0.8484849,0.8484849,0.8484849,0.8484849,0.8484849,0.8484849,0.8484849,0.8484849,0.8484849,0.8484849,0.8484849,0.8484849,0.8484849,0.8484849,0.8484849,0.8484849,0.8484849
cerebralpalsy,cljas5esv00fn3n6lewd5xqdl,DlPDuHBAP7A,1.0,1.0,1.0,1.0,1.0,1.0,1.0,1.0,1.0,1.0,1.0,1.0,1.0,0.0625,1.0,0.078125,1.0,0.03125,1.0,0.03125,1.0,0.0625,1.0,1.0,1.0,0.90625,1.0,0.9375,1.0,0.9375,1.0,0.953125,1.0,0.72727275,0.72727275,0.75757575,0.969697,1.0,0.93939394,0.8787879,0.8484849,0.8484849,0.8484849,0.8484849,0.8484849,0.8484849,0.8484849,0.8484849,0.8484849,0.90909094,0.8484849,0.8484849,0.8484849,0.8484849,0.8484849,0.8484849,0.8484849,0.8484849,0.8484849,0.8484849,0.8484849,0.8484849,0.8484849,0.8484849,0.8484849,0.8484849,0.8484849,0.8484849,0.8484849,0.8484849,0.8484849,0.8484849,0.8484849,0.8484849,0.8484849,0.8484849,0.8484849,0.8484849,0.8484849,0.8484849,0.8484849,0.8484849,0.8484849,0.8484849,0.8484849,0.8181818,0.8181818,0.7878788,0.8484849,0.8484849,0.8484849,0.8484849,0.8484849,0.8484849,0.8484849,0.8484849,0.8484849
cerebralpalsy,cljas6das00fr3n6lhlqzyhq2,DlPDuHBAP7A,0.859375,0.859375,0.859375,0.859375,0.859375,0.859375,0.859375,0.859375,0.859375,0.859375,0.859375,0.859375,0.859375,0.0,0.859375,0.0,0.859375,0.0,0.859375,0.0,0.859375,0.0,0.859375,0.859375,0.859375,0.28125,0.859375,0.609375,0.859375,0.828125,0.859375,0.859375,0.859375,0.8181818,0.8181818,0.8181818,0.8181818,0.8181818,0.8181818,0.8181818,0.8181818,0.8181818,0.8181818,0.7878788,0.7878788,0.7878788,0.7878788,0.7878788,0.7878788,0.75757575,0.75757575,0.7878788,0.7878788,0.7878788,0.7878788,0.8181818,0.8181818,0.7878788,0.7878788,0.8181818,0.8181818,0.7878788,0.7878788,0.0,0.0,0.0,0.0,0.0,0.0,0.0,0.0,0.0,0.8181818,0.8181818,0.8181818,0.8181818,0.8181818,0.8181818,0.8181818,0.8484849,0.8484849,0.8484849,0.8484849,0.8484849,0.8484849,0.8484849,0.8484849,0.8484849,0.8484849,0.8484849,0.8484849,0.8484849,0.8484849,0.8484849,0.8484849,0.8484849,0.8484849
cerebralpalsy,cljas71p600fv3n6lk1rzl7y5,DlPDuHBAP7A,1.0,1.0,1.0,1.0,1.0,1.0,1.0,1.0,1.0,1.0,1.0,1.0,1.0,1.0,1.0,1.0,1.0,1.0,1.0,1.0,1.0,1.0,1.0,1.0,1.0,1.0,1.0,1.0,1.0,1.0,1.0,1.0,1.0,1.0,1.0,1.0,1.0,1.0,1.0,1.0,1.0,1.0,1.0,1.0,1.0,1.0,1.0,1.0,1.0,1.0,1.0,1.0,1.0,1.0,1.0,1.0,1.0,1.0,1.0,1.0,1.0,1.0,1.0,1.0,1.0,1.0,1.0,1.0,1.0,1.0,1.0,1.0,1.0,1.0,1.0,1.0,1.0,1.0,1.0,1.0,1.0,1.0,1.0,1.0,1.0,1.0,1.0,1.0,1.0,1.0,1.0,1.0,1.0,1.0,1.0,1.0,1.0
myopathic,cljargosy00cx3n6lm6atozrz,R8LRCiTvUz8,1.0,1.0,1.0,1.0,1.0,1.0,1.0,1.0,1.0,1.0,1.0,1.0,1.0,1.0,0.0,1.0,0.0,1.0,0.0,1.0,0.0,1.0,0.0,1.0,1.0,1.0,0.890625,1.0,1.0,1.0,1.0,1.0,1.0,0.8181818,0.8181818,0.8181818,0.8181818,0.8181818,0.8181818,0.8181818,0.8484849,0.8484849,0.8484849,0.8484849,0.8484849,0.8484849,0.8484849,0.8484849,0.8484849,0.8484849,0.8484849,0.8484849,0.8484849,0.8484849,0.8484849,0.8484849,0.8484849,0.8484849,0.8484849,0.8484849,0.8484849,0.8484849,0.8484849,0.8484849,0.8484849,0.8484849,0.8484849,0.8484849,0.8484849,0.8484849,0.8484849,0.8484849,0.8484849,0.8484849,0.8484849,0.8484849,0.8484849,0.8484849,0.8484849,0.8484849,0.8484849,0.8484849,0.8484849,0.8484849,0.8484849,0.8484849,0.8484849,0.8484849,0.8484849,0.8484849,0.8484849,0.8484849,0.8484849,0.8484849,0.8484849,0.8484849,0.8484849
myopathic,cljarhldg00d13n6l7utw0lqn,R8LRCiTvUz8,1.0,1.0,1.0,1.0,1.0,1.0,1.0,1.0,1.0,1.0,1.0,1.0,1.0,0.265625,1.0,0.28125,1.0,0.28125,1.0,0.28125,1.0,0.28125,1.0,1.0,1.0,0.890625,1.0,0.921875,1.0,0.875,1.0,0.9375,1.0,0.8484849,0.8484849,0.8484849,0.8484849,0.8484849,0.8484849,0.8484849,0.8484849,0.8484849,0.8181818,0.75757575,0.8484849,0.8181818,0.7878788,0.72727275,0.72727275,0.72727275,0.72727275,0.8181818,0.8484849,0.8484849,0.8484849,0.969697,1.0,1.0,1.0,1.0,1.0,1.0,1.0,1.0,1.0,1.0,1.0,1.0,1.0,1.0,1.0,1.0,1.0,0.8484849,0.8484849,0.8484849,0.8484849,0.8484849,0.8484849,0.8484849,0.8484849,0.8484849,0.8484849,0.8484849,0.8484849,0.8484849,0.8484849,0.8484849,0.8484849,0.8484849,0.8484849,0.8484849,0.8484849,0.8484849,0.8484849,0.8484849,0.8484849
myopathic,cljarj6rf00d53n6ljtivf4q7,R8LRCiTvUz8,1.0,1.0,1.0,1.0,1.0,1.0,1.0,1.0,1.0,1.0,1.0,1.0,1.0,0.0625,1.0,0.21875,1.0,0.203125,1.0,0.21875,1.0,0.21875,1.0,1.0,1.0,1.0,1.0,1.0,1.0,1.0,1.0,1.0,1.0,1.0,1.0,1.0,1.0,0.969697,0.969697,0.969697,0.8484849,0.8484849,0.8484849,0.8484849,0.8484849,0.8484849,0.8484849,0.8484849,0.8484849,0.8484849,0.8484849,0.8484849,0.8484849,0.8484849,0.8484849,0.8484849,0.8484849,0.969697,0.969697,0.969697,0.969697,0.969697,0.969697,0.93939394,0.8484849,0.8484849,0.8484849,0.8484849,0.8484849,0.8484849,0.8484849,0.8484849,0.8484849,0.8484849,0.8484849,0.8484849,0.8484849,0.8484849,0.8484849,0.8484849,0.8484849,0.8484849,0.8484849,0.8484849,0.8484849,0.8484849,0.8484849,0.8484849,0.8484849,0.8484849,0.8484849,0.8484849,0.8484849,0.8484849,0.8484849,0.8484849,0.8484849
myopathic,cljarkax200d93n6lukx52g1t,R8LRCiTvUz8,1.0,1.0,1.0,1.0,1.0,1.0,1.0,1.0,1.0,1.0,1.0,1.0,1.0,0.0,1.0,0.1875,1.0,0.15625,1.0,0.1875,1.0,0.1875,1.0,1.0,1.0,0.9375,1.0,0.9375,1.0,0.9375,1.0,0.9375,1.0,0.72727275,0.72727275,0.72727275,0.72727275,0.8484849,0.8484849,0.969697,0.969697,0.969697,0.969697,0.969697,0.93939394,0.8484849,0.8484849,0.8484849,0.8484849,0.8484849,0.8484849,0.8484849,0.8484849,0.8484849,0.8484849,0.8484849,0.8484849,0.8484849,0.8484849,0.8484849,0.8484849,0.969697,0.969697,0.969697,0.969697,0.969697,0.93939394,0.8484849,0.8484849,0.8484849,0.8484849,0.8484849,0.8484849,0.8484849,0.8484849,0.8484849,0.8484849,0.8484849,0.8484849,0.8484849,0.8484849,0.8484849,0.8484849,0.8484849,0.8484849,0.8484849,0.8484849,0.8484849,0.8484849,0.8484849,0.8484849,0.8484849,0.8484849,0.8484849,0.8484849,0.8484849,0.8484849
myopathic,cljarlbch00dd3n6l9jaubrxq,R8LRCiTvUz8,1.0,1.0,1.0,1.0,1.0,1.0,1.0,1.0,1.0,1.0,1.0,1.0,1.0,0.0,1.0,0.09375,1.0,0.078125,1.0,0.078125,1.0,0.09375,1.0,1.0,1.0,1.0,1.0,1.0,1.0,1.0,1.0,1.0,1.0,0.8484849,0.8484849,0.8484849,0.8484849,0.8484849,0.8484849,0.8484849,0.8484849,0.8484849,0.8484849,0.8484849,0.8484849,0.90909094,0.969697,0.969697,0.969697,0.969697,0.969697,0.8484849,0.8484849,0.8484849,0.8484849,0.8484849,0.8484849,0.8484849,0.8484849,0.8484849,0.8484849,0.8484849,0.8484849,0.8484849,0.8484849,0.8484849,0.8484849,0.8484849,0.8484849,0.8484849,0.8484849,0.8484849,0.8484849,0.8484849,0.8484849,0.8484849,0.8484849,0.8484849,0.8484849,0.8484849,0.8484849,0.8484849,0.8484849,0.8484849,0.8484849,0.8484849,0.8484849,0.8484849,0.8484849,0.8484849,0.8484849,0.8484849,0.8484849,0.8484849,0.8484849,0.8484849,0.8484849
myopathic,cljarmcm700dh3n6lxw24hxgx,R8LRCiTvUz8,1.0,1.0,1.0,1.0,1.0,1.0,1.0,1.0,1.0,1.0,1.0,1.0,1.0,1.0,0.0,1.0,0.15625,1.0,0.140625,1.0,0.140625,1.0,0.140625,1.0,1.0,1.0,1.0,1.0,1.0,1.0,1.0,1.0,1.0,0.969697,0.969697,0.969697,0.969697,0.969697,0.969697,0.969697,0.969697,0.969697,0.8787879,0.8484849,0.8484849,0.8484849,0.8484849,0.8484849,0.8484849,0.8484849,0.8484849,0.8484849,0.8484849,0.8484849,0.8484849,0.8484849,0.8484849,0.8484849,0.8484849,0.8484849,0.8484849,0.8484849,0.8484849,0.8484849,0.8484849,0.8484849,0.8484849,0.8484849,0.8484849,0.8484849,0.8484849,0.8484849,0.8484849,0.8484849,0.8484849,0.8484849,0.8484849,0.8484849,0.8484849,0.8484849,0.8484849,0.8484849,0.8484849,0.8484849,0.8484849,0.8484849,0.8484849,0.8484849,0.8484849,0.8484849,0.8484849,0.8484849,0.8484849,0.8484849,0.8484849,0.8484849,0.8484849
myopathic,cljarn9oy00dl3n6l8pg9exfg,R8LRCiTvUz8,1.0,1.0,1.0,1.0,1.0,1.0,1.0,1.0,1.0,1.0,1.0,1.0,1.0,0.0,1.0,0.03125,1.0,0.0,1.0,0.015625,1.0,0.015625,1.0,1.0,1.0,1.0,1.0,1.0,1.0,0.953125,0.96875,1.0,1.0,0.7878788,0.7878788,0.8181818,0.8484849,0.8484849,0.8484849,0.8484849,0.8484849,0.8484849,0.8484849,0.8484849,0.8787879,0.93939394,0.8484849,0.8484849,0.8484849,0.8484849,0.8484849,0.8484849,0.8484849,0.8484849,0.8484849,0.8484849,0.8484849,0.8484849,0.8484849,0.8484849,0.8484849,0.8484849,0.8484849,0.8484849,0.8484849,0.8484849,0.8484849,0.8484849,0.8484849,0.8484849,0.8484849,0.8484849,0.8484849,0.8484849,0.8484849,0.8484849,0.8484849,0.8484849,0.8484849,0.8484849,0.8484849,0.8484849,0.8484849,0.8484849,0.8484849,0.8484849,0.8484849,0.8484849,0.8484849,0.8484849,0.8484849,0.8484849,0.8484849,0.8484849,0.8484849,0.8484849,0.8484849
myopathic,cljaroguw00dp3n6lhfddiadu,R8LRCiTvUz8,1.0,1.0,1.0,1.0,1.0,1.0,1.0,1.0,1.0,1.0,1.0,1.0,1.0,0.0,1.0,0.140625,1.0,0.140625,1.0,0.140625,1.0,0.140625,1.0,1.0,1.0,1.0,1.0,1.0,1.0,1.0,1.0,1.0,1.0,0.969697,0.969697,0.969697,0.969697,0.969697,0.969697,0.969697,0.969697,0.969697,0.8484849,0.8484849,0.8484849,0.8484849,0.8484849,0.8484849,0.8484849,0.8484849,0.8484849,0.8484849,0.8484849,0.8484849,0.8484849,0.8484849,0.8484849,0.8484849,0.8484849,0.8484849,0.8484849,0.8484849,0.8484849,0.8484849,0.8484849,0.8484849,0.8484849,0.8484849,0.8484849,0.8484849,0.8484849,0.8484849,0.8484849,0.8484849,0.8484849,0.8484849,0.8484849,0.8484849,0.8484849,0.8484849,0.8484849,0.8484849,0.8484849,0.8484849,0.8484849,0.8484849,0.8484849,0.8484849,0.8484849,0.8484849,0.8484849,0.8484849,0.8484849,0.8484849,0.8484849,0.8484849,0.8484849
myopathic,cljarp08600dt3n6lxa7sysiv,R8LRCiTvUz8,1.0,1.0,1.0,1.0,1.0,1.0,1.0,1.0,1.0,1.0,1.0,1.0,1.0,1.0,0.140625,1.0,0.25,1.0,0.234375,1.0,0.234375,1.0,0.234375,1.0,1.0,1.0,1.0,1.0,1.0,1.0,1.0,1.0,1.0,1.0,1.0,1.0,1.0,1.0,1.0,1.0,1.0,1.0,0.969697,0.969697,0.969697,0.969697,0.969697,0.969697,0.8787879,0.8484849,0.8484849,0.8484849,0.8484849,0.8484849,0.8484849,0.8484849,0.8484849,0.8484849,0.8484849,0.8484849,0.8484849,0.8484849,0.8484849,0.8484849,0.8484849,0.8484849,0.8484849,0.8484849,0.8484849,0.8484849,0.8484849,0.8484849,0.8484849,0.8484849,0.8484849,0.8484849,0.8484849,0.8484849,0.8484849,0.8484849,0.8484849,0.8484849,0.8484849,0.8484849,0.8484849,0.8484849,0.8484849,0.8484849,0.8484849,0.8484849,0.8484849,0.8484849,0.8484849,0.8484849,0.8484849,0.8484849,0.8484849
myopathic,cljarpts600dx3n6l98zqf6yn,R8LRCiTvUz8,1.0,1.0,1.0,1.0,1.0,1.0,1.0,1.0,1.0,1.0,1.0,1.0,1.0,0.0,1.0,0.171875,1.0,0.15625,1.0,0.1875,1.0,0.1875,1.0,1.0,1.0,1.0,1.0,0.984375,1.0,0.96875,1.0,0.984375,1.0,0.8787879,0.93939394,0.969697,0.969697,0.969697,0.969697,0.969697,0.93939394,0.8484849,0.8484849,0.8484849,0.8484849,0.8484849,0.8484849,0.8484849,0.8484849,0.8484849,0.8484849,0.8484849,0.8484849,0.8484849,0.8484849,0.8484849,0.8484849,0.90909094,0.969697,0.969697,0.969697,0.8484849,0.8484849,0.8484849,0.8484849,0.8484849,0.8484849,0.8484849,0.8484849,0.8484849,0.8484849,0.8484849,0.8484849,0.8484849,0.8484849,0.8484849,0.8484849,0.8484849,0.8484849,0.8484849,0.8484849,0.8484849,0.8484849,0.8484849,0.8484849,0.8484849,0.8484849,0.8484849,0.8484849,0.8484849,0.8484849,0.8484849,0.8484849,0.8484849,0.8484849,0.8484849,0.8484849
myopathic,cljarqtuz00e13n6lrnox6mfs,R8LRCiTvUz8,1.0,1.0,1.0,1.0,1.0,1.0,1.0,1.0,1.0,1.0,1.0,1.0,1.0,0.0,1.0,0.0,1.0,0.0,1.0,0.0,1.0,0.0,1.0,1.0,1.0,0.96875,1.0,0.953125,1.0,0.9375,0.9375,0.953125,1.0,0.6969697,0.6969697,0.72727275,0.7878788,0.8484849,0.8484849,0.8484849,0.8484849,0.8484849,0.8484849,0.8484849,0.8484849,0.8484849,0.8484849,0.8484849,0.8484849,0.8484849,0.8484849,0.8484849,0.8484849,0.8484849,0.8484849,0.8484849,0.8484849,0.8484849,0.8484849,0.8484849,0.8484849,0.8484849,0.8484849,0.8484849,0.8484849,0.8484849,0.8484849,0.8484849,0.8484849,0.8484849,0.8484849,0.8484849,0.8484849,0.8484849,0.8484849,0.8484849,0.8484849,0.8484849,0.8484849,0.8484849,0.8484849,0.8484849,0.8484849,0.8484849,0.8484849,0.8484849,0.8484849,0.8484849,0.8484849,0.8484849,0.8484849,0.8484849,0.8484849,0.8484849,0.8484849,0.8484849,0.8484849
myopathic,cljawb5nf00043n6l38chxsod,HDkWDe6FZDg,1.0,1.0,1.0,1.0,1.0,1.0,1.0,1.0,1.0,1.0,1.0,1.0,1.0,1.0,1.0,1.0,1.0,1.0,1.0,1.0,1.0,1.0,1.0,1.0,1.0,1.0,1.0,1.0,1.0,1.0,1.0,1.0,1.0,1.0,1.0,1.0,1.0,1.0,1.0,1.0,1.0,1.0,1.0,1.0,1.0,1.0,1.0,1.0,1.0,1.0,1.0,1.0,1.0,1.0,1.0,1.0,1.0,1.0,1.0,1.0,1.0,1.0,1.0,1.0,1.0,1.0,1.0,1.0,1.0,1.0,1.0,1.0,1.0,1.0,1.0,1.0,1.0,1.0,1.0,1.0,1.0,1.0,1.0,1.0,1.0,1.0,1.0,1.0,1.0,1.0,1.0,1.0,1.0,1.0,1.0,1.0,1.0
myopathic,cljawd01m00093n6l4kx9020l,HDkWDe6FZDg,1.0,1.0,1.0,1.0,1.0,1.0,1.0,1.0,1.0,1.0,1.0,1.0,1.0,1.0,1.0,1.0,1.0,1.0,1.0,1.0,1.0,1.0,1.0,1.0,1.0,1.0,1.0,1.0,1.0,1.0,1.0,1.0,1.0,1.0,1.0,1.0,1.0,1.0,1.0,1.0,1.0,1.0,1.0,1.0,1.0,1.0,1.0,1.0,1.0,1.0,1.0,1.0,1.0,1.0,1.0,1.0,1.0,1.0,1.0,1.0,1.0,1.0,1.0,1.0,1.0,1.0,1.0,1.0,1.0,1.0,1.0,1.0,1.0,1.0,1.0,1.0,1.0,1.0,1.0,1.0,1.0,1.0,1.0,1.0,1.0,1.0,1.0,1.0,1.0,1.0,1.0,1.0,1.0,1.0,1.0,1.0,1.0
myopathic,cljawdoej000d3n6ll5ysj34f,HDkWDe6FZDg,1.0,1.0,1.0,1.0,1.0,1.0,1.0,1.0,1.0,1.0,1.0,1.0,1.0,1.0,1.0,1.0,1.0,1.0,1.0,1.0,1.0,1.0,1.0,1.0,1.0,1.0,1.0,1.0,1.0,1.0,1.0,1.0,1.0,1.0,1.0,1.0,1.0,1.0,1.0,1.0,1.0,1.0,1.0,1.0,1.0,1.0,1.0,1.0,1.0,1.0,1.0,1.0,1.0,1.0,1.0,1.0,1.0,1.0,1.0,1.0,1.0,1.0,1.0,1.0,1.0,1.0,1.0,1.0,1.0,1.0,1.0,1.0,1.0,1.0,1.0,1.0,1.0,1.0,1.0,1.0,1.0,1.0,1.0,1.0,1.0,1.0,1.0,1.0,1.0,1.0,1.0,1.0,1.0,1.0,1.0,1.0,1.0
myopathic,cljax9d2p00363n6lx043s1m7,jzJIpY6vRLo,1.0,1.0,1.0,1.0,1.0,1.0,1.0,1.0,1.0,1.0,1.0,1.0,1.0,1.0,1.0,1.0,0.90625,0.8125,0.5,0.796875,0.4375,0.71875,0.09375,1.0,1.0,1.0,1.0,1.0,1.0,1.0,1.0,1.0,1.0,0.93939394,0.90909094,0.90909094,0.90909094,0.90909094,0.90909094,0.90909094,0.8787879,0.7878788,0.7878788,0.7878788,0.7878788,0.7878788,0.7878788,0.8181818,0.8181818,0.8181818,0.8181818,0.8181818,0.8181818,0.90909094,0.93939394,0.969697,0.969697,1.0,1.0,1.0,0.969697,0.969697,0.93939394,0.93939394,0.90909094,0.90909094,0.90909094,0.90909094,0.90909094,0.90909094,0.93939394,0.969697,0.969697,0.969697,0.969697,0.969697,0.969697,0.969697,0.969697,0.969697,0.969697,0.969697,0.969697,0.90909094,0.90909094,0.90909094,0.90909094,0.90909094,0.90909094,0.90909094,0.90909094,0.93939394,0.969697,0.969697,1.0,1.0,1.0
myopathic,cljaxabfg003a3n6l95mrlcry,jzJIpY6vRLo,1.0,1.0,1.0,1.0,1.0,1.0,1.0,1.0,1.0,1.0,1.0,1.0,1.0,1.0,1.0,1.0,1.0,1.0,1.0,1.0,1.0,1.0,1.0,1.0,1.0,1.0,1.0,1.0,1.0,1.0,1.0,1.0,1.0,1.0,1.0,1.0,1.0,1.0,1.0,1.0,1.0,1.0,1.0,1.0,1.0,1.0,1.0,1.0,1.0,1.0,1.0,1.0,1.0,1.0,1.0,1.0,1.0,1.0,1.0,1.0,1.0,1.0,1.0,1.0,1.0,1.0,1.0,1.0,1.0,1.0,1.0,1.0,1.0,1.0,1.0,1.0,1.0,1.0,1.0,1.0,1.0,1.0,1.0,1.0,1.0,1.0,1.0,1.0,1.0,1.0,1.0,1.0,1.0,1.0,1.0,1.0,1.0
myopathic,cljaxb5y2003e3n6lj1j9qvav,jzJIpY6vRLo,1.0,1.0,1.0,1.0,1.0,1.0,1.0,1.0,1.0,1.0,1.0,1.0,1.0,1.0,1.0,1.0,1.0,0.8125,0.40625,0.640625,0.3125,0.453125,0.0,1.0,1.0,1.0,1.0,1.0,1.0,1.0,1.0,1.0,1.0,0.969697,0.969697,0.969697,0.969697,0.969697,0.969697,0.93939394,0.93939394,0.8787879,0.8484849,0.8181818,0.8181818,0.8181818,0.8181818,0.8181818,0.8181818,0.8484849,0.8787879,0.8787879,0.8787879,0.8787879,0.8787879,0.90909094,0.8787879,0.90909094,0.90909094,0.90909094,0.90909094,0.90909094,0.90909094,0.8787879,0.8484849,0.8181818,0.8181818,0.8181818,0.8181818,0.8181818,0.8484849,0.8484849,0.8787879,0.93939394,0.969697,0.969697,0.969697,0.969697,0.969697,0.969697,0.969697,0.969697,0.969697,0.969697,0.969697,0.969697,0.969697,0.93939394,0.8787879,0.8787879,0.8484849,0.8484849,0.8484849,0.8484849,0.8484849,0.8484849,0.90909094
myopathic,cljaxbq22003i3n6lmzka93uq,jzJIpY6vRLo,1.0,1.0,1.0,1.0,1.0,1.0,1.0,1.0,1.0,1.0,1.0,1.0,1.0,1.0,1.0,1.0,1.0,1.0,1.0,1.0,1.0,1.0,1.0,1.0,1.0,1.0,1.0,1.0,1.0,1.0,1.0,1.0,1.0,1.0,1.0,1.0,1.0,1.0,1.0,1.0,1.0,1.0,1.0,1.0,1.0,1.0,1.0,1.0,1.0,1.0,1.0,1.0,1.0,1.0,1.0,1.0,1.0,1.0,1.0,1.0,1.0,1.0,1.0,1.0,1.0,1.0,1.0,1.0,1.0,1.0,1.0,1.0,1.0,1.0,1.0,1.0,1.0,1.0,1.0,1.0,1.0,1.0,1.0,1.0,1.0,1.0,1.0,1.0,1.0,1.0,1.0,1.0,1.0,1.0,1.0,1.0,1.0
myopathic,cljo817z5004u3n6le3srfa4t,4Yiqk-ud8rI,1.0,1.0,1.0,1.0,1.0,1.0,1.0,1.0,1.0,1.0,1.0,1.0,1.0,1.0,1.0,1.0,0.984375,0.96875,0.984375,0.96875,0.984375,0.96875,0.984375,1.0,1.0,1.0,1.0,0.984375,1.0,0.9375,1.0,0.984375,1.0,1.0,1.0,1.0,1.0,1.0,0.90909094,0.7878788,1.0,1.0,1.0,1.0,1.0,1.0,1.0,1.0,1.0,1.0,1.0,1.0,1.0,1.0,1.0,1.0,1.0,1.0,1.0,1.0,1.0,1.0,1.0,1.0,1.0,1.0,1.0,1.0,0.969697,0.969697,0.93939394,0.969697,1.0,1.0,1.0,1.0,1.0,1.0,1.0,1.0,1.0,1.0,1.0,1.0,1.0,1.0,1.0,1.0,1.0,1.0,1.0,1.0,1.0,1.0,1.0,1.0,0.969697
myopathic,cljo83yl800513n6lfglf5jn8,05oyBOE_0UE,1.0,1.0,1.0,1.0,1.0,1.0,1.0,1.0,1.0,1.0,1.0,1.0,1.0,1.0,0.921875,1.0,0.734375,1.0,0.609375,1.0,0.609375,1.0,0.59375,1.0,1.0,1.0,1.0,1.0,1.0,0.796875,0.78125,1.0,0.96875,0.93939394,0.90909094,0.90909094,0.93939394,0.93939394,0.93939394,0.93939394,0.93939394,0.93939394,0.93939394,0.93939394,0.93939394,0.93939394,0.93939394,1.0,1.0,1.0,1.0,1.0,1.0,1.0,1.0,1.0,1.0,1.0,1.0,1.0,1.0,1.0,1.0,1.0,1.0,1.0,1.0,1.0,1.0,1.0,1.0,0.969697,0.90909094,0.90909094,0.90909094,0.90909094,0.8787879,0.8787879,0.8787879,0.8787879,0.8787879,0.8787879,0.8787879,0.8787879,0.8787879,0.8787879,0.8787879,0.8787879,0.90909094,0.90909094,0.90909094,0.90909094,0.8787879,0.8787879,0.8787879,0.8181818,0.8181818
myopathic,cljo84jju00553n6lmgm4dqtb,05oyBOE_0UE,1.0,1.0,1.0,1.0,1.0,1.0,1.0,1.0,1.0,1.0,1.0,1.0,1.0,1.0,1.0,1.0,1.0,1.0,1.0,1.0,1.0,1.0,1.0,1.0,1.0,1.0,1.0,1.0,1.0,0.9375,0.84375,1.0,1.0,0.969697,0.969697,0.969697,0.969697,0.969697,0.93939394,0.93939394,0.93939394,0.93939394,0.969697,1.0,1.0,1.0,1.0,1.0,1.0,1.0,1.0,1.0,1.0,1.0,1.0,1.0,1.0,1.0,1.0,1.0,1.0,1.0,1.0,1.0,1.0,1.0,1.0,1.0,1.0,1.0,1.0,1.0,1.0,1.0,1.0,1.0,1.0,1.0,1.0,1.0,1.0,1.0,1.0,1.0,1.0,1.0,1.0,1.0,1.0,1.0,1.0,1.0,1.0,1.0,1.0,1.0,1.0
myopathic,cljr5nnwf000w3n6l8byrugrq,8NlJgIySMG0,1.0,1.0,1.0,1.0,1.0,1.0,1.0,1.0,1.0,1.0,1.0,1.0,1.0,1.0,1.0,0.875,1.0,0.765625,1.0,0.75,1.0,0.71875,1.0,1.0,1.0,1.0,1.0,1.0,1.0,1.0,1.0,1.0,1.0,1.0,1.0,1.0,0.8787879,0.8787879,0.969697,1.0,1.0,1.0,1.0,0.8787879,0.8787879,0.90909094,1.0,1.0,1.0,1.0,0.8787879,0.8787879,0.93939394,1.0,1.0,1.0,0.90909094,0.8787879,0.90909094,1.0,1.0,1.0,1.0,1.0,0.90909094,1.0,1.0,1.0,1.0,1.0,0.90909094,0.8787879,0.90909094,0.969697,1.0,1.0,1.0,0.90909094,1.0,1.0,1.0,1.0,1.0,1.0,1.0,1.0,1.0,1.0,1.0,1.0,1.0,1.0,1.0,1.0,1.0,1.0,1.0
myopathic,cljr5pdec00103n6lxb9mplvp,8NlJgIySMG0,1.0,1.0,1.0,1.0,1.0,1.0,1.0,1.0,1.0,1.0,1.0,1.0,1.0,1.0,1.0,1.0,1.0,1.0,1.0,1.0,1.0,1.0,1.0,1.0,1.0,1.0,1.0,1.0,1.0,1.0,1.0,1.0,1.0,1.0,1.0,1.0,1.0,1.0,1.0,1.0,1.0,1.0,1.0,1.0,1.0,1.0,1.0,1.0,1.0,1.0,1.0,1.0,1.0,1.0,1.0,1.0,1.0,1.0,1.0,1.0,1.0,1.0,1.0,1.0,1.0,1.0,1.0,1.0,1.0,1.0,1.0,1.0,1.0,1.0,1.0,1.0,1.0,1.0,1.0,1.0,1.0,1.0,1.0,1.0,1.0,1.0,1.0,1.0,1.0,1.0,1.0,1.0,1.0,1.0,1.0,1.0,1.0
myopathic,cljr5tz3c001k3n6lfc27vpnp,8PPLTf0fZsY,1.0,1.0,1.0,1.0,1.0,1.0,1.0,1.0,1.0,1.0,1.0,1.0,1.0,1.0,1.0,1.0,1.0,1.0,1.0,1.0,1.0,1.0,1.0,1.0,1.0,1.0,1.0,1.0,1.0,1.0,1.0,1.0,1.0,1.0,1.0,1.0,1.0,1.0,1.0,1.0,1.0,1.0,1.0,1.0,1.0,1.0,1.0,1.0,1.0,1.0,1.0,1.0,1.0,1.0,1.0,1.0,1.0,1.0,1.0,1.0,1.0,1.0,1.0,1.0,1.0,1.0,1.0,1.0,1.0,1.0,1.0,1.0,1.0,1.0,1.0,1.0,1.0,1.0,1.0,1.0,1.0,1.0,1.0,1.0,1.0,1.0,1.0,1.0,1.0,1.0,1.0,1.0,1.0,1.0,1.0,1.0,1.0
myopathic,cljr5unji001o3n6lapqpzkio,8PPLTf0fZsY,1.0,1.0,1.0,1.0,1.0,1.0,1.0,1.0,1.0,1.0,1.0,1.0,1.0,0.984375,1.0,0.96875,1.0,0.8125,1.0,0.796875,1.0,0.765625,1.0,1.0,1.0,1.0,1.0,1.0,1.0,1.0,1.0,1.0,1.0,0.90909094,0.90909094,0.90909094,0.90909094,0.90909094,0.969697,1.0,1.0,1.0,1.0,1.0,1.0,1.0,1.0,1.0,1.0,1.0,1.0,1.0,0.969697,0.93939394,0.90909094,0.90909094,0.90909094,0.90909094,1.0,1.0,1.0,1.0,1.0,1.0,1.0,1.0,1.0,1.0,1.0,1.0,1.0,1.0,1.0,1.0,1.0,1.0,1.0,1.0,1.0,1.0,1.0,1.0,1.0,1.0,1.0,1.0,1.0,1.0,1.0,1.0,1.0,1.0,1.0,1.0,0.90909094,0.8787879,0.8484849
myopathic,cljr5vg0s001s3n6lvxtmt0rn,8PPLTf0fZsY,1.0,1.0,1.0,1.0,1.0,1.0,1.0,1.0,1.0,1.0,1.0,1.0,1.0,1.0,1.0,1.0,1.0,1.0,1.0,1.0,1.0,1.0,1.0,1.0,1.0,1.0,1.0,1.0,1.0,1.0,1.0,1.0,1.0,1.0,1.0,1.0,1.0,1.0,1.0,1.0,1.0,1.0,1.0,1.0,1.0,1.0,1.0,1.0,1.0,1.0,1.0,1.0,1.0,1.0,1.0,1.0,1.0,1.0,1.0,1.0,1.0,1.0,1.0,1.0,1.0,1.0,1.0,1.0,1.0,1.0,1.0,1.0,1.0,1.0,1.0,1.0,1.0,1.0,1.0,1.0,1.0,1.0,1.0,1.0,1.0,1.0,1.0,1.0,1.0,1.0,1.0,1.0,1.0,1.0,1.0,1.0,1.0
myopathic,cljr5wgkf001w3n6lwp1w3wlu,8PPLTf0fZsY,1.0,1.0,1.0,1.0,1.0,1.0,1.0,1.0,1.0,1.0,1.0,1.0,1.0,1.0,1.0,1.0,1.0,1.0,1.0,1.0,1.0,1.0,1.0,1.0,1.0,1.0,1.0,1.0,1.0,1.0,1.0,1.0,1.0,1.0,1.0,1.0,1.0,1.0,1.0,1.0,1.0,1.0,1.0,1.0,1.0,1.0,1.0,1.0,1.0,1.0,1.0,1.0,1.0,1.0,1.0,1.0,1.0,1.0,1.0,1.0,1.0,1.0,1.0,1.0,1.0,1.0,1.0,1.0,1.0,1.0,1.0,1.0,1.0,1.0,1.0,1.0,1.0,1.0,1.0,1.0,1.0,1.0,1.0,1.0,1.0,1.0,1.0,1.0,1.0,1.0,1.0,1.0,1.0,1.0,1.0,1.0,1.0
myopathic,cljr61601002i3n6lp9ppmflo,5qM6wxZ_dNs,1.0,1.0,1.0,1.0,1.0,1.0,1.0,1.0,1.0,1.0,1.0,1.0,1.0,1.0,0.1875,1.0,0.28125,1.0,0.265625,1.0,0.28125,1.0,0.28125,1.0,1.0,1.0,1.0,1.0,1.0,1.0,1.0,1.0,1.0,1.0,1.0,1.0,1.0,1.0,1.0,1.0,1.0,1.0,0.969697,0.969697,1.0,1.0,1.0,0.969697,0.969697,0.969697,0.93939394,0.8484849,0.8484849,0.8484849,0.8484849,0.8484849,0.8484849,0.8484849,0.8484849,0.8484849,0.8484849,0.8484849,0.8484849,0.8484849,0.8484849,0.8484849,0.8484849,0.8484849,0.8484849,0.8484849,0.8484849,0.8484849,0.8484849,0.8484849,0.8484849,0.8484849,0.8484849,0.8484849,0.8484849,0.8484849,0.8484849,0.8484849,0.8484849,0.8484849,0.8484849,0.8484849,0.8484849,0.8484849,0.8484849,0.8484849,0.8484849,0.8484849,0.8484849,0.8484849,0.8484849,0.8484849,0.8484849
myopathic,cljr62h3i002m3n6l9z24blly,5qM6wxZ_dNs,1.0,1.0,1.0,1.0,1.0,1.0,1.0,1.0,1.0,1.0,1.0,1.0,1.0,0.0,1.0,0.0,1.0,0.0,1.0,0.0,1.0,0.0,1.0,1.0,1.0,0.625,1.0,1.0,1.0,1.0,1.0,1.0,1.0,0.8484849,0.8484849,0.8484849,0.8484849,0.8484849,0.8484849,0.8484849,0.8484849,0.8484849,0.8484849,0.8484849,0.8484849,0.8484849,0.8181818,0.8181818,0.8484849,0.8484849,0.8181818,0.8181818,0.8181818,0.8181818,0.8181818,0.8181818,0.8181818,0.8181818,0.8181818,0.8181818,0.8181818,0.8181818,0.8484849,0.8484849,0.8484849,0.8484849,0.8484849,0.8484849,0.8484849,0.8484849,0.8484849,0.8484849,0.8484849,0.8484849,0.8484849,0.8484849,0.8484849,0.8181818,0.8181818,0.8181818,0.8181818,0.8484849,0.8484849,0.8484849,0.8181818,0.8181818,0.8181818,0.8181818,0.8181818,0.8181818,0.8484849,0.8484849,0.8484849,0.8484849,0.8484849,0.8484849,0.8484849
myopathic,cljr632e1002q3n6lcmbpwpnh,5qM6wxZ_dNs,1.0,1.0,1.0,1.0,1.0,1.0,1.0,1.0,1.0,1.0,1.0,1.0,1.0,1.0,1.0,1.0,1.0,1.0,1.0,1.0,1.0,1.0,1.0,1.0,1.0,1.0,1.0,1.0,1.0,1.0,1.0,1.0,1.0,1.0,1.0,1.0,1.0,1.0,1.0,1.0,1.0,1.0,1.0,1.0,1.0,1.0,1.0,1.0,1.0,1.0,1.0,1.0,1.0,1.0,1.0,1.0,1.0,1.0,1.0,1.0,1.0,1.0,1.0,1.0,1.0,1.0,1.0,1.0,1.0,1.0,1.0,1.0,1.0,1.0,1.0,1.0,1.0,1.0,1.0,1.0,1.0,1.0,1.0,1.0,1.0,1.0,1.0,1.0,1.0,1.0,1.0,1.0,1.0,1.0,1.0,1.0,1.0
myopathic,cljr63lr2002u3n6ltz5dkwef,5qM6wxZ_dNs,1.0,1.0,1.0,1.0,1.0,1.0,1.0,1.0,1.0,1.0,1.0,1.0,1.0,1.0,1.0,1.0,1.0,1.0,1.0,1.0,1.0,1.0,1.0,1.0,1.0,0.984375,1.0,1.0,1.0,1.0,1.0,1.0,1.0,0.969697,1.0,1.0,1.0,1.0,1.0,1.0,1.0,1.0,1.0,1.0,1.0,1.0,1.0,1.0,1.0,1.0,1.0,1.0,1.0,1.0,1.0,1.0,1.0,1.0,1.0,1.0,1.0,1.0,1.0,1.0,1.0,1.0,1.0,1.0,1.0,1.0,1.0,1.0,1.0,1.0,1.0,1.0,1.0,1.0,1.0,1.0,1.0,1.0,1.0,1.0,1.0,1.0,1.0,1.0,1.0,1.0,1.0,1.0,1.0,1.0,1.0,1.0,1.0
myopathic,cljr64k4y002y3n6lqg5rmn1o,5qM6wxZ_dNs,1.0,1.0,1.0,1.0,1.0,1.0,1.0,1.0,1.0,1.0,1.0,1.0,1.0,1.0,0.0,1.0,0.03125,1.0,0.0,1.0,0.015625,1.0,0.03125,1.0,1.0,1.0,1.0,1.0,1.0,1.0,1.0,1.0,1.0,0.93939394,0.90909094,0.8484849,0.8484849,0.8484849,0.8484849,0.8484849,0.8484849,0.8484849,0.8484849,0.8484849,0.8484849,0.8484849,0.8484849,0.8484849,0.8484849,0.8484849,0.8484849,0.8484849,0.8484849,0.8484849,0.8484849,0.8484849,0.8484849,0.8484849,0.8484849,0.8484849,0.8484849,0.8484849,0.8484849,0.8484849,0.8484849,0.8484849,0.8484849,0.8484849,0.8484849,0.8484849,0.8484849,0.8484849,0.8484849,0.8484849,0.8484849,0.8484849,0.8484849,0.8484849,0.8484849,0.8484849,0.8484849,0.8484849,0.8484849,0.8484849,0.8484849,0.8484849,0.8484849,0.8484849,0.8484849,0.8484849,0.8484849,0.8484849,0.8484849,0.8484849,0.8484849,0.8484849,0.8484849
myopathic,cljr658xk00323n6lfid0k0y6,5qM6wxZ_dNs,1.0,1.0,1.0,1.0,1.0,1.0,1.0,1.0,1.0,1.0,1.0,1.0,1.0,0.0,1.0,0.0,1.0,0.0,1.0,0.0,1.0,0.0,1.0,1.0,1.0,0.578125,1.0,1.0,1.0,1.0,1.0,1.0,1.0,0.8484849,0.8484849,0.8484849,0.8484849,0.8484849,0.8484849,0.8484849,0.8484849,0.8484849,0.8484849,0.8484849,0.8484849,0.8484849,0.8484849,0.8484849,0.8181818,0.8181818,0.8181818,0.8181818,0.8181818,0.8181818,0.8181818,0.8181818,0.8484849,0.8181818,0.8181818,0.8181818,0.8181818,0.8181818,0.8181818,0.8181818,0.8484849,0.8484849,0.8484849,0.8484849,0.8181818,0.8181818,0.8181818,0.8484849,0.8484849,0.8484849,0.8484849,0.8484849,0.8484849,0.8484849,0.8181818,0.8181818,0.8181818,0.8181818,0.8484849,0.8484849,0.8484849,0.8484849,0.8181818,0.8181818,0.8181818,0.8181818,0.8181818,0.8484849,0.8484849,0.8484849,0.8484849,0.8484849,0.8484849
myopathic,cljr676xh00363n6le4sij6m4,5qM6wxZ_dNs,1.0,1.0,1.0,1.0,1.0,1.0,1.0,1.0,1.0,1.0,1.0,1.0,1.0,1.0,1.0,1.0,1.0,1.0,1.0,1.0,1.0,0.875,1.0,1.0,1.0,0.96875,1.0,0.984375,1.0,1.0,1.0,0.953125,1.0,0.8787879,0.93939394,0.969697,1.0,1.0,1.0,1.0,1.0,1.0,1.0,0.969697,0.969697,0.969697,0.969697,0.969697,0.969697,0.969697,1.0,1.0,1.0,1.0,1.0,1.0,1.0,1.0,1.0,1.0,1.0,1.0,1.0,1.0,1.0,1.0,1.0,1.0,1.0,1.0,1.0,1.0,1.0,1.0,1.0,1.0,1.0,1.0,1.0,1.0,1.0,1.0,1.0,1.0,1.0,1.0,1.0,1.0,1.0,1.0,1.0,1.0,1.0,1.0,1.0,1.0,1.0
myopathic,cljr6cam3003f3n6lzc4mo5ig,5qM6wxZ_dNs,1.0,1.0,1.0,1.0,1.0,1.0,1.0,1.0,1.0,1.0,1.0,1.0,1.0,1.0,1.0,1.0,1.0,1.0,1.0,1.0,1.0,1.0,1.0,1.0,1.0,1.0,1.0,1.0,1.0,1.0,1.0,1.0,1.0,1.0,1.0,1.0,1.0,1.0,1.0,1.0,1.0,1.0,1.0,1.0,1.0,1.0,1.0,1.0,1.0,1.0,1.0,1.0,1.0,1.0,1.0,1.0,1.0,1.0,1.0,1.0,1.0,1.0,1.0,1.0,1.0,1.0,1.0,1.0,1.0,1.0,1.0,1.0,1.0,1.0,1.0,1.0,1.0,1.0,1.0,1.0,1.0,1.0,1.0,1.0,1.0,1.0,1.0,1.0,1.0,1.0,1.0,1.0,1.0,1.0,1.0,1.0,1.0
myopathic,cljr6mxf0000c3n6lujp11l6w,7Ft1bUTzxkM,1.0,1.0,1.0,1.0,1.0,1.0,1.0,1.0,1.0,1.0,1.0,1.0,1.0,1.0,1.0,1.0,1.0,1.0,1.0,1.0,1.0,1.0,1.0,1.0,1.0,1.0,1.0,1.0,1.0,1.0,1.0,1.0,1.0,1.0,1.0,1.0,1.0,1.0,1.0,1.0,1.0,1.0,1.0,1.0,1.0,1.0,1.0,1.0,1.0,1.0,1.0,1.0,1.0,1.0,1.0,1.0,1.0,1.0,1.0,1.0,1.0,1.0,1.0,1.0,1.0,1.0,1.0,1.0,1.0,1.0,1.0,1.0,1.0,1.0,1.0,1.0,1.0,1.0,1.0,1.0,1.0,1.0,1.0,1.0,1.0,1.0,1.0,1.0,1.0,1.0,1.0,1.0,1.0,1.0,1.0,1.0,1.0
myopathic,cljr6o2r2000g3n6ld9zqoaqo,7Ft1bUTzxkM,1.0,1.0,1.0,1.0,1.0,1.0,1.0,1.0,1.0,1.0,1.0,1.0,1.0,1.0,1.0,1.0,1.0,1.0,1.0,1.0,1.0,1.0,1.0,1.0,1.0,1.0,1.0,1.0,1.0,1.0,1.0,1.0,1.0,1.0,1.0,1.0,1.0,1.0,1.0,1.0,1.0,1.0,1.0,1.0,1.0,1.0,1.0,1.0,1.0,1.0,1.0,1.0,1.0,1.0,1.0,1.0,1.0,1.0,1.0,1.0,1.0,1.0,1.0,1.0,1.0,1.0,1.0,1.0,1.0,1.0,1.0,1.0,1.0,1.0,1.0,1.0,1.0,1.0,1.0,1.0,1.0,1.0,1.0,1.0,1.0,1.0,1.0,1.0,1.0,1.0,1.0,1.0,1.0,1.0,1.0,1.0,1.0
myopathic,cljr6ohvb000k3n6lfqwsgy5d,7Ft1bUTzxkM,1.0,1.0,1.0,1.0,1.0,1.0,1.0,1.0,1.0,1.0,1.0,1.0,1.0,1.0,1.0,0.5625,1.0,0.46875,1.0,0.4375,1.0,0.375,0.8125,1.0,1.0,1.0,1.0,1.0,1.0,1.0,1.0,1.0,1.0,1.0,1.0,1.0,1.0,1.0,1.0,1.0,0.93939394,0.90909094,0.8787879,0.8787879,0.8787879,0.8787879,0.8787879,0.8787879,0.8484849,0.8484849,0.8484849,0.8787879,0.8787879,0.8787879,0.8787879,0.90909094,0.90909094,0.969697,0.969697,1.0,1.0,1.0,1.0,1.0,1.0,1.0,1.0,1.0,1.0,0.969697,0.90909094,0.8787879,0.8787879,0.8484849,0.8484849,0.8484849,0.8484849,0.8484849,0.8484849,0.8484849,0.8484849,0.8484849,0.8787879,0.8787879,0.8787879,0.8787879,0.90909094,0.90909094,0.93939394,0.969697,1.0,1.0,1.0,1.0,1.0,1.0,1.0
myopathic,cljr6plhu000o3n6loi07umhh,7Ft1bUTzxkM,1.0,1.0,1.0,1.0,1.0,1.0,1.0,1.0,1.0,1.0,1.0,1.0,1.0,1.0,1.0,1.0,1.0,1.0,1.0,1.0,1.0,1.0,1.0,1.0,1.0,1.0,1.0,1.0,1.0,1.0,1.0,1.0,1.0,1.0,1.0,1.0,1.0,1.0,1.0,1.0,1.0,1.0,1.0,1.0,1.0,1.0,1.0,1.0,1.0,1.0,1.0,1.0,1.0,1.0,1.0,1.0,1.0,1.0,1.0,1.0,1.0,1.0,1.0,1.0,1.0,1.0,1.0,1.0,1.0,1.0,1.0,1.0,1.0,1.0,1.0,1.0,1.0,1.0,1.0,1.0,1.0,1.0,1.0,1.0,1.0,1.0,1.0,1.0,1.0,1.0,1.0,1.0,1.0,1.0,1.0,1.0,1.0
myopathic,cljr6q6hi000s3n6l92mb8yqa,7Ft1bUTzxkM,1.0,1.0,1.0,1.0,1.0,1.0,1.0,1.0,1.0,1.0,1.0,1.0,1.0,1.0,1.0,0.921875,1.0,0.828125,1.0,0.78125,1.0,0.71875,1.0,1.0,1.0,1.0,1.0,1.0,1.0,1.0,1.0,1.0,1.0,1.0,1.0,1.0,1.0,1.0,0.969697,0.93939394,0.90909094,0.8787879,0.8787879,0.8787879,0.8787879,0.8787879,0.90909094,0.93939394,1.0,1.0,1.0,1.0,1.0,1.0,1.0,1.0,1.0,1.0,1.0,1.0,1.0,1.0,1.0,0.93939394,0.90909094,0.90909094,0.90909094,0.90909094,0.969697,1.0,1.0,1.0,1.0,1.0,1.0,1.0,1.0,1.0,1.0,1.0,1.0,1.0,1.0,1.0,1.0,1.0,1.0,1.0,1.0,1.0,1.0,1.0,0.969697,0.969697,1.0,1.0,1.0
myopathic,cljr6u47g00113n6lkd13v5fb,9qg-3smwLcs,0.984375,0.984375,0.984375,0.984375,0.984375,0.984375,0.984375,0.984375,0.984375,0.984375,0.984375,0.984375,0.984375,0.984375,0.0,0.984375,0.0,0.984375,0.0,0.984375,0.0,0.984375,0.0,0.984375,0.984375,0.984375,0.9375,0.984375,0.984375,0.984375,0.984375,0.984375,0.984375,0.8484849,0.8484849,0.8484849,0.8484849,0.8484849,0.8484849,0.8484849,0.8484849,0.8484849,0.8484849,0.0,0.8484849,0.8484849,0.8484849,0.8484849,0.8484849,0.8484849,0.8484849,0.8484849,0.8484849,0.8484849,0.8484849,0.8484849,0.8484849,0.8484849,0.8484849,0.8484849,0.8484849,0.8484849,0.8484849,0.8484849,0.8484849,0.8484849,0.8484849,0.8484849,0.8484849,0.8484849,0.8484849,0.8484849,0.8484849,0.8484849,0.8484849,0.8484849,0.8484849,0.8484849,0.8484849,0.8484849,0.8484849,0.8484849,0.8484849,0.8484849,0.8484849,0.8484849,0.8484849,0.8484849,0.8484849,0.8484849,0.8484849,0.8484849,0.8484849,0.8484849,0.8181818,0.8181818,0.8181818
myopathic,cljr6wkld00193n6ltjloqzl1,9qg-3smwLcs,1.0,1.0,1.0,1.0,1.0,1.0,1.0,1.0,1.0,1.0,1.0,1.0,1.0,1.0,0.0,1.0,0.046875,1.0,0.046875,1.0,0.046875,1.0,0.046875,1.0,1.0,1.0,0.953125,1.0,1.0,1.0,1.0,1.0,1.0,0.969697,0.969697,0.969697,0.8484849,0.8484849,0.8484849,0.8484849,0.8484849,0.8484849,0.8484849,0.8484849,0.8484849,0.8484849,0.8484849,0.8484849,0.8484849,0.8484849,0.8484849,0.8484849,0.8484849,0.8484849,0.8484849,0.8484849,0.8484849,0.8484849,0.8484849,0.8484849,0.8484849,0.8484849,0.8484849,0.8484849,0.8484849,0.8484849,0.8484849,0.8484849,0.8484849,0.8484849,0.8484849,0.8484849,0.8484849,0.8484849,0.8484849,0.8484849,0.8484849,0.8484849,0.8484849,0.8484849,0.8484849,0.8484849,0.8484849,0.8484849,0.8484849,0.8484849,0.8484849,0.8484849,0.8484849,0.8484849,0.8484849,0.8484849,0.8484849,0.8181818,0.8181818,0.8181818,0.8484849
myopathic,cljr6xqvi001d3n6lctvtihw2,9qg-3smwLcs,1.0,1.0,1.0,1.0,1.0,1.0,1.0,1.0,1.0,1.0,1.0,1.0,1.0,0.078125,1.0,0.21875,1.0,0.21875,1.0,0.21875,1.0,0.21875,1.0,1.0,1.0,0.984375,1.0,1.0,1.0,1.0,1.0,1.0,1.0,0.8484849,0.8181818,0.8484849,0.969697,1.0,1.0,1.0,1.0,1.0,0.969697,0.8484849,0.8484849,0.8484849,0.8484849,0.8484849,0.8484849,0.969697,0.969697,0.969697,0.969697,0.8484849,0.8484849,0.8484849,0.8484849,0.8484849,0.8484849,0.8484849,0.8484849,0.8484849,0.8484849,0.8484849,0.8484849,0.969697,0.969697,0.969697,0.8484849,0.8484849,0.8484849,0.8484849,0.8484849,0.8484849,0.8484849,0.8484849,0.8484849,0.8484849,0.8484849,0.8484849,0.8484849,0.8484849,0.8484849,0.8484849,0.8484849,0.8484849,0.8484849,0.8484849,0.8484849,0.8484849,0.8484849,0.8484849,0.8484849,0.8484849,0.8484849,0.8484849,0.8484849
myopathic,cljr6z0uo001h3n6lixdz25qa,9qg-3smwLcs,1.0,1.0,1.0,1.0,1.0,1.0,1.0,1.0,1.0,1.0,1.0,1.0,1.0,1.0,0.0,1.0,0.0,1.0,0.0,1.0,0.0,1.0,0.0,1.0,1.0,1.0,0.9375,1.0,1.0,1.0,1.0,1.0,1.0,0.8181818,0.8484849,0.8484849,0.8484849,0.8484849,0.8181818,0.8181818,0.8181818,0.8484849,0.8484849,0.8484849,0.8484849,0.8484849,0.8484849,0.8484849,0.8484849,0.8484849,0.8484849,0.8484849,0.8484849,0.8484849,0.8484849,0.8484849,0.8484849,0.8484849,0.8484849,0.8484849,0.8484849,0.8484849,0.8484849,0.8484849,0.8484849,0.8484849,0.8484849,0.8484849,0.8484849,0.8484849,0.8484849,0.8484849,0.8484849,0.8484849,0.8484849,0.8484849,0.8484849,0.8484849,0.8484849,0.8484849,0.8484849,0.8484849,0.8484849,0.8484849,0.8484849,0.8484849,0.8484849,0.8484849,0.8484849,0.8484849,0.8484849,0.8484849,0.8484849,0.8484849,0.8484849,0.8484849,0.8484849
myopathic,cljr6zqwu001l3n6lc40rmemx,9qg-3smwLcs,1.0,1.0,1.0,1.0,1.0,1.0,1.0,1.0,1.0,1.0,1.0,1.0,1.0,0.953125,0.09375,0.953125,0.09375,0.9375,0.09375,0.9375,0.09375,0.9375,0.09375,1.0,1.0,0.9375,0.5625,0.9375,1.0,0.921875,1.0,0.953125,1.0,0.72727275,0.72727275,0.72727275,0.8181818,0.969697,1.0,0.8484849,0.8484849,0.8484849,0.8484849,0.8484849,0.8484849,0.8484849,0.8181818,0.8181818,0.8484849,0.8484849,0.8484849,0.8484849,0.8484849,0.8484849,0.8181818,0.8484849,0.8484849,0.8484849,0.8181818,0.8181818,0.8181818,0.8181818,0.8181818,0.8181818,0.8181818,0.8181818,0.8484849,0.8484849,0.8484849,0.8484849,0.8181818,0.8181818,0.8181818,0.8181818,0.8181818,0.8484849,0.8484849,0.8484849,0.8181818,0.8484849,0.8181818,0.8181818,0.8484849,0.8484849,0.8484849,0.8181818,0.8181818,0.8181818,0.8181818,0.8181818,0.8181818,0.8484849,0.8484849,0.8484849,0.8181818,0.8181818,0.8181818
myopathic,cljr70g44001p3n6l08md7kau,9qg-3smwLcs,1.0,1.0,1.0,1.0,1.0,1.0,1.0,1.0,1.0,1.0,1.0,1.0,1.0,0.0,1.0,0.03125,1.0,0.03125,1.0,0.03125,1.0,0.03125,1.0,1.0,1.0,0.796875,1.0,1.0,1.0,1.0,1.0,1.0,1.0,0.8484849,0.8484849,0.8484849,0.8484849,0.8484849,0.8484849,0.8484849,0.8484849,0.8484849,0.8484849,0.8484849,0.8484849,0.8484849,0.8484849,0.8484849,0.969697,0.969697,0.8484849,0.8484849,0.8484849,0.8484849,0.8484849,0.8484849,0.8484849,0.8484849,0.8484849,0.8484849,0.8484849,0.8484849,0.8484849,0.8484849,0.8484849,0.8484849,0.8484849,0.8484849,0.8181818,0.8181818,0.8181818,0.8484849,0.8484849,0.8484849,0.8484849,0.8484849,0.8484849,0.8181818,0.8181818,0.8484849,0.8484849,0.8484849,0.8484849,0.8484849,0.8484849,0.8181818,0.8181818,0.8181818,0.8181818,0.8484849,0.8484849,0.8484849,0.8484849,0.8181818,0.8181818,0.8181818,0.8181818
myopathic,clldgy8s700723o6l5i2b6d4e,R8LRCiTvUz8,1.0,1.0,1.0,1.0,1.0,1.0,1.0,1.0,1.0,1.0,1.0,1.0,1.0,1.0,0.0,1.0,0.078125,1.0,0.078125,1.0,0.078125,1.0,0.078125,1.0,1.0,1.0,1.0,1.0,1.0,1.0,1.0,1.0,1.0,0.969697,0.969697,0.969697,0.969697,0.969697,0.8484849,0.8484849,0.8484849,0.8484849,0.8484849,0.8484849,0.8484849,0.8484849,0.8484849,0.8484849,0.8484849,0.8484849,0.8484849,0.8484849,0.8484849,0.8484849,0.8484849,0.8484849,0.8484849,0.8484849,0.8484849,0.8484849,0.8484849,0.8484849,0.8484849,0.8484849,0.8484849,0.8484849,0.8484849,0.8484849,0.8484849,0.8484849,0.8484849,0.8484849,0.8484849,0.8484849,0.8484849,0.8484849,0.8484849,0.8484849,0.8484849,0.8484849,0.8484849,0.8484849,0.8484849,0.8484849,0.8484849,0.8484849,0.8484849,0.8484849,0.8484849,0.8484849,0.8484849,0.8484849,0.8484849,0.8484849,0.8484849,0.8484849,0.8484849
